Rank,Market,State,Counties  (or county-equivalents)  covered,TV households (2019â€“20),Local ABC affiliate,Local CBS affiliate,Local NBC affiliate,Local Fox affiliate,Local CW affiliate,Local MyNetworkTV affiliate,Local PBS member station,Local Ion Television affiliate,Local Telemundo affiliate,Local Univision affiliate,Local Independent stations,Other significant television stations
1,New York,New York,"New York: Bronx, Dutchess, Kings, Nassau, New York, Orange, Putnam, Queens, Richmond, Rockland, Suffolk, Sullivan, Ulster, Westchester
Connecticut: Fairfield
New Jersey: Bergen, Essex, Hudson, Hunterdon, Middlesex, Monmouth, Morris, Ocean, Passaic, Somerset, Sussex, Union, Warren
Pennsylvania: Pike","6,824,120 (6.337%)",WABC-TV 7,WCBS-TV 2,WNBC 4,WNYW 5,WPIX 11,WWOR-TV 9,"WNET 13
WLIW 21
WNJM 50
WNJB 58",WPXN-TV 31,WNJU 47,WXTV-DT 41,WLNY-TV 55 WMBC-TV 63 WRNN-TV 48,"WFTY-DT 67 Justice
WFUT-DT 68 UniMás
WJLP 33 MeTV
WNYE-TV 25 Educ.
WPXO-LD 34 ATevé
WTBY-TV 54 TBN"
2,Los Angeles,California,"Inyo, Kern (Sierra Nevada), Los Angeles, Orange, Riverside (except Coachella Valley), San Bernardino,Ventura","5,145,350 (4.808%)",KABC-TV 7,KCBS-TV 2,KNBC 4,KTTV 11,KTLA 5,KCOP-TV 13,"KOCE-TV 50
KCET 28
KVCR-DT 24
KLCS 58",KPXN-TV 30,KVEA 52,KMEX 34,"KCAL-TV 9
KDOC-TV 56
KWHY-TV 22
KSCI 18","KFTR-DT 46 UniMás
KTBN-TV 40 TBN
KAZA-TV 54 MeTV"
3,Chicago,Illinois,"Illinois:Cook, DeKalb,DuPage, Grundy,Kane, Kankakee,Kendall, Lake,LaSalle, McHenry,Will
Indiana:Jasper, Lake,LaPorte, Newton,Porter","3,256,400 (3.043%)",WLS-TV 7,WBBM-TV 2,WMAQ-TV 5,WFLD 32,WCIU-TV 26,WPWR-TV 50,WTTW 11,WCPX-TV 38,WSNS-TV 44,WGBO-DT 66,WGN-TV 9WMEU-CD 48,WWME-CD 23 (MeTV)WWTO-TV 35 (TBN)WXFT-DT 60 (UniMÃ¡s)WOCK-CD 13 (Ads)
4,Philadelphia,Pennsylvania,"Pennsylvania:Berks, Bucks,Chester, Delaware,Lehigh, Montgomery,Northampton, Philadelphia
New Jersey:Atlantic, Burlington,Camden, Cape May,Cumberland, Gloucester,Mercer, Salem
Delaware:Kent, New Castle","2,758,330 (2.578%)",WPVI-TV 6,KYW-TV 3,WCAU 10,WTXF-TV 29,WPSG 57,WPHL-TV 17,WHYY-TV 12WLVT-TV 39WNJS 23,WPPX-TV 61,WWSI 62,WUVP-DT 65,WFMZ-TV 69WACP 4WMCN-TV 44WBPH-TV 60,WFPA-CD 28 (UniMÃ¡s)WGTW-TV 48 (TBN)WDPN-TV 2 (MeTV)WPPT 35 (Public)WMGM-TV 40 (Justice)WTVE 51 (SBN)WPSJ-CD 8 (SBN)
5,Dallas-Fort Worth,Texas,"Anderson, Bosque, Collin, Comanche, Cooke, Dallas, Delta, Denton, Ellis, Erath, Fannin, Freestone, Hamilton, Henderson, Hill, Hood, Hopkins, Hunt, Jack, Johnson, Kaufman, Lamar, Montague, Navarro, Palo Pinto, Parker, Rains, Rockwall, Somervell, Tarrant, Van Zandt, Wise","2,563,320 (2.395%)",WFAA 8,KTVT 11,KXAS-TV 5,KDFW 4,KDAF 33,KDFI 27,KERA-TV 13,KPXD-TV 68,KXTX-TV 39,KUVN-DT 23,KTXA 21,KSTR-DT 49 (UniMÃ¡s)KDTX-TV 58 (TBN)
6,San Francisco-Oakland-San Jose,California,"Alameda, Contra Costa, Lake, Marin, Mendocino, Napa, San Francisco, San Mateo, Santa Clara, Solano (west), Sonoma","2,364,740 (2.21%)",KGO-TV 7,KPIX-TV 5,KNTV 11,KTVU 2,KBCW 44,KRON-TV 4,KQED 9KQEH 54,KKPX-TV 65,KSTS 48,KDTV 14,KICU-TV 36KOFY-TV 20KTSF 26KEMO-TV 50,KFSF-DT 66 (UniMÃ¡s)KCNS 38 (SBN)KAXT-CD 1 (Decades)
7,Washington (Hagerstown),District of Columbia,"District of Columbia:Washington
Virginia: Alexandria (city),[3]Arlington,Clarke, Culpeper,Fairfax, Fairfax (city),[3]Falls Church (city),[3]Fauquier,Frederick, Fredericksburg (city),[3]King George, Loudoun,Manassas (city),[3]Manassas Park (city),[3]Page, Prince William,Rappahannock, Shenandoah,Spotsylvania, Stafford,Warren, Westmoreland,Winchester (city)[3]
Maryland:Allegany, Calvert,Charles, Frederick,Montgomery,Prince George's, St. Mary's,Washington
West Virginia:Berkeley, Grant,Hampshire, Hardy,Jefferson, Mineral,Morgan
Pennsylvania:Franklin, Fulton","2,351,930 (2.198%)",WJLA-TV 7,WUSA 9,WRC-TV 4,WTTG 5,WDCW 50,WDCA 20,WETA-TV 26WHUT-TV 32,WPXW-TV 66/WWPX-TV 60,WZDC-CD 44,WFDC-DT 14,WDVM-TV 25,WJAL 68 (LATV)WMDO-CD 47 (UniMÃ¡s)W22DA (3ABN)W42CK (3ABN)
8,Houston,Texas,"Austin, Brazoria, Calhoun, Chambers, Colorado, Fort Bend, Galveston, Grimes, Harris, Jackson, Liberty, Matagorda, Montgomery, Polk, San Jacinto, Walker, Waller, Washington, Wharton","2,330,180 (2.178%)",KTRK-TV 13,KHOU 11,KPRC-TV 2,KRIV 26,KIAH 39,KTXH 20,KUHT 8,KPXB-TV 49,KTMD 47,KXLN-DT 45,KUBE-TV 57,KFTH-DT 67 (UniMÃ¡s)KETH-TV 14 (TBN)
9,Boston (Manchester),Massachusetts,"Massachusetts:Barnstable, Dukes, Essex, Middlesex, Nantucket, Norfolk, Plymouth, Suffolk, Worcester
New Hampshire:Belknap, Cheshire, Hillsborough, Merrimack, Rockingham, Strafford
Vermont:Windham","2,302,680 (2.152%)",WCVB-TV 5WMUR-TV 9,WBZ-TV 4,WBTS-CD 15,WFXT 25,WLVI 56,WSBK-TV 38,WGBH-TV 2WGBX-TV 44,WBPX-TV 68,WNEU 60,WUNI 66,WHDH 7,WUTF-DT 27 (UniMÃ¡s)
10,Atlanta,Georgia,"Georgia:Banks, Barrow,Bartow, Butts,Carroll, Chattooga,Cherokee, Clarke,Clayton, Cobb,Coweta, Dawson,DeKalb, Douglas,Fayette, Floyd,Forsyth, Fulton,Gilmer, Gordon,Greene, Gwinnett,Habersham, Hall,Haralson, Heard,Henry, Jackson,Jasper, Lamar,Lumpkin, Madison,Meriwether, Morgan,Newton, Oconee,Oglethorpe, Paulding,Pickens, Pike,Polk, Putnam,Rabun, Rockdale,Spalding, Towns,Troup, Union,Upson, Walton,White
Alabama:Cleburne, Randolph
North Carolina:Clay","2,269,270 (2.121%)",WSB-TV 2,WGCL-TV 46,WXIA-TV 11,WAGA-TV 5,WUPA 69,WATL 36,WGTV 8WPBA 30,WPXA-TV 14,WKTB-CD 47,WUVG-DT 34,WPCH-TV 17,WHSG-TV 63 (TBN)
11,Phoenix (Prescott),Arizona,"Apache (southern third), Coconino, Gila, Graham, Greenlee, La Paz, Maricopa, Mohave, Navajo, Pinal, Yavapai","1,879,780 (1.757%)",KNXV-TV 15,KPHO-TV 5,KPNX 12/KNAZ-TV 2,KSAZ-TV 10,KASW 61,KUTP 45,KAET 8,KPPX-TV 51,KTAZ 39,"KTVW-DT 33/
KTVW-CD 6/
KDOS-LD 50","KTVK 3
KAZT-TV 7",KFPH-DT 13 (UniMÃ¡s)KPAZ-TV 21 (TBN)
12,Tampa-St. Petersburg (Sarasota),Florida,"Citrus, Hardee, Hernando, Highlands, Hillsborough, Manatee, Pasco, Pinellas, Polk, Sarasota","1,800,600 (1.683%)",WFTS-TV 28WWSB 40,WTSP 10,WFLA-TV 8,WTVT 13,WTOG 44,WTTA 38,WEDU 3,WXPX-TV 66,WRMD-CD 49,WVEA-TV 50,WMOR-TV 32,WFTT-DT 62 (UniMÃ¡s)W05CO (3ABN)
13,Seattle-Tacoma,Washington,"Chelan, Clallam, Douglas, Grays Harbor, Island, Jefferson, King, Kitsap, Lewis, Mason, Pacific, Pierce, San Juan, Skagit, Snohomish, Thurston, Whatcom","1,764,680 (1.649%)",KOMO-TV 4,KIRO-TV 7,KING-TV 5,KCPQ 13,KSTW 11,KZJO 22,KCTS-TV 9KBTC-TV 28,KWPX-TV 33,KWPX-TV 33.7,KUNS-TV 51,KONG 16,KTBW-TV 20 (TBN)K08OU-D (3ABN)KFFV 44 (MeTV)
14,Detroit,Michigan,"Lapeer, Livingston, Macomb, Monroe, Oakland, St. Clair, Sanilac, Washtenaw, Wayne","1,737,170 (1.623%)",WXYZ-TV 7,WWJ-TV 62,WDIV-TV 4,WJBK 2,WKBD-TV 50,WMYD 20,WTVS 56,WPXD-TV 31,,,WADL 38,WHNE-LD 14 (Light TV)WDWO-CD 18 (TCT)CBET-DT 9 (CBC)CHWI-DT-60 26 (CTV 2)CICO-DT-32 19 (TVO)
15,Minneapolis-St. Paul,Minnesota,"Minnesota:Anoka, Beltrami,Benton, Big Stone,Carver, Cass,Chippewa, Chisago,Cottonwood, Crow Wing,Dakota, Douglas,Faribault, Goodhue,Grant, Hennepin,Hubbard, Isanti,Jackson, Kanabec,Kandiyohi, Lac qui Parle,Le Sueur, Lyon,McLeod, Meeker,Mille Lacs, Morrison,Nicollet, Pine,Pope, Ramsey,Redwood, Renville,Rice, Scott,Sherburne, Sibley,Stearns, Steele,Stevens, Swift,Todd, Traverse,Wabasha, Wadena,Waseca, Washington,Wright, Yellow Medicine
Wisconsin:Barron, Burnett,Dunn, Pepin,Pierce, Polk,St. Croix","1,697,370 (1.586%)",KSTP-TV 5/KSAX 42/KRWF 43,WCCO-TV 4/KCCW-TV 12,KARE 11,KMSP-TV 9,WUCW 23,WFTC 29/KFTC 26,KTCA-TV 2/KTCI-TV 2.3,KPXM-TV 41,KJNK-LD 25,WUMN-LD 17,KSTC-TV 45,K33LN-D (3ABN)
16,Miami-Fort Lauderdale,Florida,"Broward, Miami-Dade, Monroe","1,642,220 (1.535%)",WPLG 10,WFOR-TV 4,WTVJ 6,WSVN 7,WSFL-TV 39,WBFS-TV 33,WPBT 2WLRN-TV 17,WPXM-TV 35,WSCV 51,WLTV-DT 23,,WAMI-DT 69 (UniMÃ¡s)WHFT-TV 45 (TBN)
17,Denver,Colorado,"Colorado:Adams, Alamosa,Arapahoe, Archuleta,Boulder, Broomfield,Chaffee, Clear Creek,Conejos, Custer,Delta, Denver,Douglas, Eagle,Elbert, Garfield,Gilpin, Grand,Gunnison, Hinsdale,Jackson, Jefferson,Kit Carson, Lake,Larimer, Lincoln,Logan, Mineral,Moffat, Morgan,Ouray, Park,Phillips, Pitkin,Prowers, Rio Blanco,Rio Grande, Routt,Saguache, San Juan,San Miguel, Sedgwick,Summit, Washington,Weld, Yuma
Nebraska:Box Butte, Cheyenne,Dawes, Deuel,Garden, Keith,Kimball
Wyoming:Albany, Campbell,Carbon, Niobrara,Platte","1,532,320 (1.432%)",KMGH-TV 7,KCNC-TV 4,KUSA 9,KDVR 31/KFCT 22,KWGN-TV 2,KTVD 20,KRMA-TV 6KBDI-TV 12,KPXC-TV 59,KDEN-TV 25,KCEC-TV 14,,KPJR-TV 38 (TBN)KTFD-TV 50 (UniMÃ¡s)
18,Orlando-Daytona Beach-Melbourne,Florida,"Brevard, Flagler, Lake, Marion, Orange, Osceola, Seminole, Sumter, Volusia","1,492,640 (1.395%)",WFTV 9,WKMG-TV 6,WESH 2,WOFL 35,WKCF 18,WRBW 65,WUCF-TV 24,WOPX-TV 56,WTMO-CD 31,WVEN-TV 43,WRDQ 27,WHLV-TV 52 (TBN)WOTF-TV 26 (UniMÃ¡s)W32DJ-D (3ABN)
19,Cleveland-Akron (Canton),Ohio,"Ashland, Ashtabula, Carroll, Cuyahoga, Erie, Geauga, Holmes, Huron, Lake, Lorain, Medina, Portage, Richland, Stark, Summit, Tuscarawas, Wayne","1,366,110 (1.277%)",WEWS-TV 5,WOIO 19,WKYC 3,WJW 8,WUAB 43,"WOIO 19.2
(MeTV is the primary affiliate)",WVIZ 25WEAO 49,WVPX-TV 23,,WQHS-DT 61,WBNX-TV 55WMFD-TV 68,WDLI-TV 17 (Ion Plus)WQDI-LD 20 (Azteca TV)
20,Sacramento-Stockton-Modesto,California,"Amador, Calaveras, Colusa, El Dorado (west), Nevada, Placer, Plumas, Sacramento, San Joaquin, Sierra, Solano (east), Stanislaus, Sutter, Tuolumne, Yolo, Yuba","1,317,500 (1.231%)",KXTV 10,KOVR 13,KCRA-TV 3,KTXL 40,KMAX-TV 31,KQCA 58,KVIE 6,KSPX 29,KCSO-LD 33,KUVS-DT 19,,K20JX-D (3ABN)
21,Charlotte,North Carolina,"North Carolina: Alexander, Anson, Ashe, Avery, Burke, Cabarrus, Caldwell, Catawba, Cleveland, Gaston, Iredell, Lincoln, Mecklenburg, Richmond, Rowan, Stanly, Union, Watauga
South Carolina: Chester, Chesterfield, Lancaster, York","1,125,970 (1.052%)",WSOC-TV 9,WBTV 3,WCNC-TV 36,WJZY 46,WCCB 18,WMYT-TV 55,WTVI 42WUNG-TV 58WNSC-TV 30,WJZY 46.6,WSOC-TV 9.2,,WAXN-TV 64WHKY-TV 14,
22,"Portland, OR",Oregon,"Oregon:Baker, Clackamas, Clatsop, Columbia, Crook, Gilliam, Harney, Hood River, Jefferson, Lincoln, Linn, Marion, Multnomah, Polk, Sherman, Tillamook, Union, Wasco, Washington, Wheeler, Yamhill
Washington:Clark, Cowlitz, Klickitat, Skamania, Wahkiakum","1,112,500 (1.04%)",KATU 2,KOIN 6,KGW 8,KPTV 12,KRCW-TV 32,KPDX 49,KOPB-TV 10,KPXG 22,KPXG 22.7,KUNP 16,,KNMT 24 (TBN)
23,St. Louis,Missouri,"Missouri:Crawford, Franklin,Gasconade, Iron,Jefferson, Lincoln,Pike, St. Charles,St. Francois,St. Louis (city),St. Louis,Ste. Genevieve,Warren,Washington
Illinois:Bond, Calhoun,Clinton, Fayette,Greene, Jersey,Macoupin, Madison,Marion, Monroe,Montgomery, Randolph,St. Clair, Washington","1,099,590 (1.028%)",KDNL-TV 30,KMOV 4,KSDK 5,KTVI 2,KPLR-TV 11,KMOV 4.3,KETC 9,WRBU 46,,,,KNLC 24 (MeTV)K25NG-D (3ABN)
24,Pittsburgh,Pennsylvania,"Pennsylvania:Allegheny, Armstrong, Beaver, Butler, Clarion, Fayette, Greene, Indiana, Lawrence, Venango, Washington, Westmoreland
West Virginia:Monongalia, Preston
Maryland:Garrett","1,079,900 (1.009%)",WTAE-TV 4,KDKA-TV 2,WPXI 11,WPGH-TV 53,WPCW 19,WPNT 22,WQED 13,WINP-TV 16,,,,
25,Indianapolis,Indiana,"Bartholomew, Benton, Blackford, Boone, Brown, Carroll, Cass, Clinton, Decatur, Delaware, Fayette, Fountain, Grant, Hamilton, Hancock, Hendricks, Henry, Howard, Johnson, Lawrence, Madison, Marion, Miami, Monroe, Montgomery, Morgan, Owen, Putnam, Randolph, Rush, Shelby, Tipton, White","1,053,830 (0.985%)",WRTV 6,WTTV 4/WTTK 29,WTHR 13,WXIN 59,WISH-TV 8,WNDY-TV 23,WFYI 20WTIU 30,WIPX-TV 63,WDNI-CD 19,,WTTV 4.2/ WTTK 29.2WHMB-TV 40,WALV-CD 46 (MeTV; also available on 13.3)WCLJ-TV 42 (Ion Plus)WBXI-CD 47 (Decades)WUDZ-LD 28 (Buzzr)
26,Baltimore,Maryland,"Anne Arundel, Baltimore, Baltimore (city), Caroline, Carroll, Cecil, Dorchester, Harford, Howard, Kent, Queen Anne's, Talbot","1,039,490 (0.971%)",WMAR-TV 2,WJZ-TV 13,WBAL-TV 11,WBFF 45,WNUV 54,WUTB 24,WMPB 67,,,,,
27,Raleigh-Durham (Fayetteville),North Carolina,"North Carolina:Chatham, Cumberland,Durham, Edgecombe,Franklin, Granville,Halifax, Harnett,Hoke, Johnston,Lee, Moore,Nash, Northampton,Orange, Person,Sampson, Vance,Wake, Warren,Wayne, Wilson
Virginia:Mecklenburg","1,025,320 (0.958%)",WTVD 11,WNCN 17,WRAL-TV 5/WRAL-EX 39 (ATSC 3.0),WRAZ 50,WLFL-TV 22,WRDC-TV 28,WUNC-TV 4,WRPX-TV 47,WRTD-CD 54,WUVC-DT 40,,
28,Nashville,Tennessee,"Tennessee:Bedford, Benton, Cannon, Cheatham, Clay, Coffee, Davidson, Decatur, DeKalb, Dickson, Franklin, Giles, Henry, Hickman, Houston, Humphreys, Jackson, Lawrence, Lewis, Macon, Marshall, Maury, Montgomery, Moore, Overton, Perry, Pickett, Putnam, Robertson, Rutherford, Smith, Stewart, Sumner, Trousdale, Van Buren, Warren, White, Williamson, Wilson
Kentucky:Allen, Christian, Clinton, Logan, Monroe, Simpson, Todd, Trigg","983,180 (0.919%)",WKRN-TV 2,WTVF 5,WSMV-TV 4,WZTV 17,WNAB 58,WUXP-TV 30,WNPT 8WCTE 22,WNPX-TV 28,,WLLC-LP 42,,WPGD 50 (TBN)WJNK-LD 34 (3ABN)
29,San Diego,California,San Diego,"981,650 (0.917%)",KGTV 10,KFMB-TV 8,KNSD 39,KSWB-TV 69,"KFMB-DT2 8.2
(The CW primary affiliate)",KFMB-DT2 8.2 (MyNetworkTV secondary affiliate),KPBS 15,,KUAN-LD 48,KBNT-CD 17,KUSI-TV 51,KDTF-LD 36 (UniMÃ¡s)XHJK-TDT 1 (A1)XHCTTI-TDT 3 (Imagen)XETV-TDT 6 (Canal 5)XHTJB-TDT 11 (Canal Once)XEWT-TDT 12 (Televisa)XETV-TDT 16 (Nu9ve)XHTIT-TDT 21 (A7)KSDX-LD 29 (Estrella TV)XHAS-TDT 33 (Azteca)XHBJ-TDT 45 (Multimedios)XHDTV-TDT 49 (Milenio)KSDY-LD 50 (Nuestra Vision)XHUAA-TDT 57 (Las Estrellas)
30,Salt Lake City,Utah,"Utah:Beaver, Box Elder, Cache, Carbon, Daggett, Davis, Duchesne, Emery, Garfield, Grand, Iron, Juab, Kane, Millard, Morgan, Piute, Rich, Salt Lake, San Juan, Sanpete, Sevier, Summit, Tooele, Uintah, Utah, Wasatch, Washington, Wayne, Weber
Idaho:Bear Lake, Franklin, Oneida
Wyoming:Sublette, Sweetwater, Uinta
Nevada:Elko, Eureka, White Pine","952,470 (0.89%)",KTVX 4,KUTV 2,KSL-TV 5,KSTU 13,KUCW 30,KMYU 12,KUED 7,KUPX-TV 16,KTMW 20KULX-CD 10,KUTH-DT 32,KJZZ-TV 14,KPNZ 24 (Estrella TV)KSVN-CD 25 (Azteca)KUCL-LD 26 (3ABN)
31,San Antonio,Texas,"Atascosa, Bandera, Bexar, Comal, DeWitt, Dimmit, Edwards, Frio, Gillespie, Goliad, Gonzales, Guadalupe, Karnes, Kendall, Kerr, Kinney, La Salle, Lavaca, Maverick, McMullen, Medina, Real, Uvalde, Val Verde, Wilson, Zavala","916,970 (0.857%)",KSAT-TV 12,KENS 5,WOAI-TV 4,KABB 29,KMYS 35,KCWX 2,KLRN 9,KPXL-TV 26,KVDA 60,KWEX-DT 41,,KNIC-DT 17 (UniMÃ¡s)KHCE-TV 23 (TBN)K25OB-D 14 (3ABN)
32,Kansas City,Missouri,"Missouri:Bates, Caldwell, Carroll, Cass, Clay, Clinton, Daviess, Gentry, Grundy, Harrison, Henry, Jackson, Johnson, Lafayette, Linn, Livingston, Pettis, Platte, Ray, Saline
Kansas:Anderson, Atchison, Douglas, Franklin, Johnson, Leavenworth, Linn, Miami, Wyandotte","896,850 (0.838%)",KMBC-TV 9,KCTV 5,KSHB-TV 41,WDAF-TV 4,KCWE 29,KSMO-TV 62,KCPT 19,KPXE-TV 50,KGKC-LD 39,KUKC-LD 20,KMCI-TV 38,
33,Hartford & New Haven,Connecticut,"Hartford, Litchfield, Middlesex, New Haven, New London, Tolland, Windham","885,890 (0.828%)",WTNH 8,WFSB 3,WVIT 30,WTIC-TV 61,WCCT-TV 20,WCTX 59,WEDH 24,WHPX-TV 26,WRDM-CD 19,WUVN 18,,
34,"Columbus, OH",Ohio,"Coshocton, Crawford, Delaware, Fairfield, Fayette, Franklin, Hardin, Hocking, Knox, Licking, Madison, Marion, Morgan, Morrow, Perry, Pickaway, Pike, Ross, Union","877,490 (0.82%)",WSYX 6,WBNS-TV 10,WCMH-TV 4,WTTE 28,WWHO 53,WSYX 6.2,WOSU-TV 34,WCMH-TV 4.3,,,WDEM-CD 17,WSFJ-TV 51 (Ion Plus)
35,Milwaukee,Wisconsin,"Dodge, Jefferson, Kenosha, Milwaukee, Ozaukee, Racine, Sheboygan, Walworth, Washington, Waukesha","837,300 (0.782%)",WISN-TV 12,WDJT-TV 58,WTMJ-TV 4,WITI 6,WVTV 18,WVTV-DT2 24,WMVS 10/WMVT 36,WPXE-TV 55,WYTU-LD 63,,WMLW-TV 49,WBME-CD 41 (MeTV)WWRS-TV 52 (TBN)
36,West Palm Beach-Fort Pierce,Florida,"Indian River, Martin, Okeechobee, Palm Beach, St. Lucie","828,980 (0.775%)",WPBF 25,WPEC 12,WPTV-TV 5,WFLX 29,WTVX 34,WTCN-CD 43,WXEL-TV 42,WPXP-TV 67,,,,WHDT 9 (Court TV)WTCE-TV 21 (TBN)WXOD-LD 33 (Buzzr)WWHB-CD 48 (Azteca)
37,Cincinnati,Ohio,"Ohio:Adams, Brown, Butler, Clermont, Clinton, Hamilton, Highland, Warren
Kentucky:Boone, Bracken, Campbell, Gallatin, Grant, Kenton, Mason, Owen, Pendleton, Robertson
Indiana:Dearborn, Franklin, Ohio, Ripley, Switzerland, Union","828,250 (0.774%)",WCPO-TV 9,WKRC-TV 12,WLWT 5,WXIX-TV 19,WKRC-DT2 12.2,WSTR-TV 64,WCET 48WPTO 14WCVN-TV 54,WXIX-DT 19.5,,,,WBQC-LD 25 (Cozi TV)
38,Greenville-Spartanburg-Asheville-Anderson,South Carolina,"South Carolina: Abbeville, Anderson, Cherokee, Greenville, Greenwood, Laurens, Oconee, Pickens, Spartanburg, Union
North Carolina: Buncombe, Graham, Haywood, Henderson, Jackson, Macon, Madison, McDowell, Mitchell, Polk, Rutherford, Swain, Transylvania, Yancey
Georgia:Elbert, Franklin, Hart, Stephens","787,930 (0.736%)",WLOS 13,WSPA-TV 7,WYFF 4,WHNS 21,WYCW 62,WMYA-TV 40,WNTV 29WUNF-TV 33,WSPA-TV 7.3,,,,
39,Las Vegas,Nevada,"Clark, Lincoln, Nye","743,220 (0.695%)",KTNV-TV 13,KLAS-TV 8,KSNV 3,KVVU-TV 5,KVCW 33,KVCW 33.2,KLVX 10,KBLR 39.3,KBLR 39,KINC-TV 15,,KEEN-CD 17 (CTN)K36NE-D (3ABN)
40,Austin,Texas,"Bastrop, Blanco, Burnet, Caldwell, Fayette, Hays, Lee, Llano, Mason, Travis, Williamson","736,770 (0.689%)",KVUE 24,KEYE-TV 42,KXAN-TV 36,KTBC 7,KNVA 54,KBVO 14,KLRU 18,KXAN-TV 36.3,KEYE-TV 42.2,KAKW-DT 62,,
41,Jacksonville,Florida,"Florida:Baker, Bradford, Clay, Columbia, Duval, Nassau, Putnam, St. Johns, Union
Georgia:Brantley, Camden, Charlton, Glynn, Pierce, Ware","690,400 (0.645%)",WJXX 25,WJAX-TV 47,WTLV 12,WFOX-TV 30,WCWJ 17,WFOX-TV 30.2,WJCT 7,WPXC-TV 21,,,"WJXT 4
WUJX-LD 18",WKBJ-LD 20 (Buzzr)W50CO (3ABN)
42,Norfolk-Portsmouth-Newport News,Virginia,"Virginia:Accomack, Chesapeake (city), Franklin (city),[3]Gloucester, Hampton (city), Isle of Wight, James City, Mathews, Newport News (city), Norfolk (city), Northampton, Poquoson (city), Portsmouth (city), Southampton, Suffolk (city), Surry, Virginia Beach (city), Williamsburg (city),[3]York
North Carolina: Camden, Chowan, Currituck, Dare, Gates, Hertford, Pasquotank, Perquimans","684,310 (0.639%)",WVEC 13,WTKR 3,WAVY-TV 10,WVBT 43,WGNT 27,WTVZ-TV 33,WHRO-TV 15,WPXV-TV 49,,,WSKY-TV 4,
43,Oklahoma City,Oklahoma,"Alfalfa, Beckham, Blaine, Caddo, Canadian, Cleveland, Custer, Dewey, Ellis, Garfield, Garvin, Grady, Grant, Greer, Harmon, Harper, Hughes, Kay, Kingfisher, Kiowa, Lincoln, Logan, Major, McClain, Murray, Noble, Oklahoma, Payne, Pottawatomie, Roger Mills, Seminole, Washita, Woods, Woodward","666,690 (0.623%)",KOCO-TV 5,KWTV-DT 9,KFOR-TV 4,KOKH-TV 25,KOCB 34,KSBI-TV 52,KETA-TV 13,KOPX-TV 62,KTUZ-TV 30,KTUZ-DT 36/KUOK 35,KAUT-TV 43,KTBO-TV 14 (TBN)KUOT-CD 21 (Cornerstone)
44,Birmingham (Anniston & Tuscaloosa),Alabama,"Bibb, Blount, Calhoun, Cherokee, Chilton, Clay, Cullman, Etowah, Fayette, Greene, Hale, Jefferson, Marion, Pickens, Shelby, St. Clair, Talladega, Tuscaloosa, Walker, Winston","666,170 (0.623%)","WBMA-LD 58/
WABM-DT2 68.2/
WDBB-DT2 17.2/
WGWW-DT2 40.2",WIAT 42,WVTM-TV 13,WBRC 6,WTTO 21/WDBB 17,WABM 68,WBIQ 10,WPXH-TV 44,,,,WTJP-TV 60 (TBN)WSES 33 (H&I)/WGWW 40 (H&I)
45,Grand Rapids-Kalamazoo-Battle Creek,Michigan,"Allegan, Barry, Branch, Calhoun, Ionia, Kalamazoo, Kent, Montcalm, Muskegon, Newaygo, Oceana, Ottawa, St. Joseph, Van Buren","653,100 (0.61%)",WOTV 41WZZM 13,WWMT 3,WOOD-TV 8,WXMI 17,WWMT-DT2 3.2,WXSP-CD 15,WGVU-TV 35,WZPX-TV 43,,,,W48CL (3ABN)WTLJ 54 (TCT)
46,Albuquerque-Santa Fe,New Mexico,"New Mexico:Bernalillo, Catron, Chaves, Cibola, Colfax, De Baca, Eddy, Grant, Guadalupe, Harding, Hidalgo, Lea (northern two-thirds), Lincoln, Los Alamos, Luna, McKinley, Mora, Otero, Rio Arriba, Sandoval, San Juan, San Miguel, Santa Fe, Sierra, Socorro, Taos, Torrance, Valencia
Colorado:Costilla, La Plata, Montezuma
Arizona:Apache (northern two-thirds)","648,350 (0.606%)",KOAT-TV 7,"KRQE 13/KBIM-TV 10/
KREZ-TV 6",KOB 4/KOBF 12/KOBR 8,"KRQE-DT2 13.2/
KBIM-DT2 10.2/
KREZ-DT2 6.2",KWBQ 19/KRWB-TV 21,KASY 50,KNME-TV 5KNMD-TV 9,KWBQ 19.4,KTEL-CD 15KASA-TV 2,KLUZ-TV 14,,K38IM (3ABN)KNAT-TV 23 (TBN)KTFQ-TV 41 (UniMÃ¡s)KTFA-LP 48 (HSN)KTVS-LD 36 (Light TV)KYNM-CD 21 (Antenna TV)
47,Harrisburg-Lancaster-Lebanon-York,Pennsylvania,"Adams, Cumberland, Dauphin, Juniata, Lancaster, Lebanon, Mifflin, Perry, York","641,660 (0.6%)",WHTM-TV 27,WHP-TV 21,WGAL 8,WPMT 43,WHP-DT3 21.3,WHP-DT2 21.2,WITF-TV 33,WHTM-TV 27.2,,,WLYH 49,WXBU 15 (Comet)
48,Louisville,Kentucky,"Kentucky: Breckinridge, Bullitt, Carroll, Grayson, Green, Hardin, Henry, Jefferson, LaRue, Marion, Meade, Nelson, Oldham, Shelby, Spencer, Taylor, Trimble, Washington
Indiana:Clark, Crawford, Floyd, Harrison, Jackson, Jefferson, Jennings, Orange, Scott, Washington","636,150 (0.594%)",WHAS-TV 11,WLKY 32,WAVE 3,WDRB 41,WBKI 58,WBKI 58.3,WKPC-TV 15WKMJ-TV 68,WDRB 41.3,,,,
49,Greensboroâ€“High Pointâ€“Winston-Salem,North Carolina,"North Carolina: Alamance, Alleghany, Caswell, Davidson, Davie, Forsyth, Guilford, Montgomery, Randolph, Rockingham, Stokes, Surry, Wilkes, Yadkin
Virginia:Grayson, Patrick","635,580 (0.594%)",WXLV-TV 45,WFMY-TV 2,WXII-TV 12,WGHP 8,WCWG 20,WMYV 48,WUNL-TV 26,WGPX-TV 16,,,,
50,New Orleans,Louisiana,"Louisiana:Jefferson, Lafourche, Orleans, Plaquemines, St. Bernard, St. Charles, St. James, St. John the Baptist, St. Tammany, Tangipahoa, Terrebonne, Washington
Mississippi:Hancock, Pearl River","615,480 (0.575%)",WGNO 26,WWL-TV 4,WDSU 6,WVUE-DT 8,WNOL-TV 38,WUPL 54,WYES-TV 12,WPXL 49,KGLA-TV 42,,,WHNO 20 (CTN)
51,Memphis,Tennessee,"Tennessee: Chester, Crockett, Dyer, Fayette, Gibson, Hardeman, Haywood, Lauderdale, McNairy, Shelby, Tipton
Arkansas: Crittenden, Cross, Lee, Mississippi, Phillips, Poinsett, St. Francis
Mississippi: Alcorn, Benton, Coahoma, DeSoto, Lafayette, Marshall, Panola, Quitman, Tate, Tippah, Tunica
Missouri: Pemiscot","580,600 (0.543%)",WATN-TV 24,WREG-TV 3,WMC-TV 5,WHBQ-TV 13,WLMT 30,KPMF-LD 26,WKNO 10,WPXX-TV 50,,,,WBUY-TV 40 (TBN)W50EA-D (3ABN)WQEK-LD 36 (Cozi TV)
52,Buffalo,New York,"New York: Allegany, Cattaraugus, Chautauqua, Erie, Genesee, Niagara, Orleans, Wyoming
Pennsylvania: McKean, Potter","576,710 (0.539%)",WKBW-TV 7,WIVB-TV 4,WGRZ 2,WUTV 29,WNLO 23,WNYO-TV 49,WNED-TV 17,WPXJ-TV 51,,,WBBZ-TV 67,
53,Fort Myers-Naples,Florida,"Charlotte, Collier, DeSoto, Glades, Hendry, Lee","564,250 (0.527%)",WZVN-TV 26,WINK-TV 11,WBBH-TV 20,WFTX-TV 36,WXCW 46,WINK-TV 11.2,WGCU 30,,WWDT-CD 43,WUVF-LD 2,,
54,Richmond-Petersburg,Virginia,"Amelia, Brunswick, Buckingham, Caroline, Charles City, Chesterfield, Colonial Heights (city),[3]Cumberland, Dinwiddie, Emporia (city),[3]Essex, Fluvanna, Goochland, Greensville, Hanover, Henrico, Hopewell (city),[3]King and Queen, King William, Lancaster, Louisa, Lunenburg, Middlesex, New Kent, Northumberland, Nottoway, Orange, Petersburg (city), Powhatan, Prince Edward, Prince George, Richmond, Richmond (city), Sussex","555,630 (0.519%)",WRIC-TV 8,WTVR-TV 6,WWBT 12,WRLH-TV 35,WUPV 65,WRLH-TV 35.2,WCVE-TV 23WCVW 57,WRIC-TV 8.2,WZTD-LD 45,,,
55,Fresno-Visalia,California,"Fresno, Kings, Madera, Mariposa, Merced, Tulare","550,860 (0.515%)",KFSN-TV 30,KGPE 47,KSEE 24,KMPH-TV 26,KFRE-TV 59,KAIL 7,KVPT 18,KNSO 51.3,KNSO 51,KFTV-DT 21,,
56,Providence-New Bedford,Rhode Island,"Rhode Island: Bristol, Kent, Newport, Providence, Washington
Massachusetts: Bristol","543,430 (0.508%)",WLNE-TV 6,WPRI-TV 12,WJAR 10,WNAC-TV 64,WNAC-DT2 64.2,WPRI-TV 12.2,WSBE-TV 36,WPXQ-TV 69,"WRIW-CD 51/
WYCN-LD 8",,,
57,Mobile-Pensacola (Navarre),Alabama,"Alabama: Baldwin, Clarke, Conecuh, Escambia, Mobile, Monroe, Washington
Florida: Escambia, Okaloosa, Santa Rosa
Mississippi: Greene","518,740 (0.485%)",WEAR-TV 3,WKRG-TV 5,WPMI-TV 15,WALA-TV 10,WFNA 55,WFGX 35,WEIQ 42WSRE 23,WKRG-TV 5.2,,,WJTC 44,
58,Tulsa,Oklahoma,"Oklahoma: Adair, Cherokee, Craig, Creek, Delaware, Haskell, Latimer, Mayes, McIntosh, Muskogee, Nowata, Okfuskee, Okmulgee, Osage, Pawnee, Pittsburg, Rogers, Tulsa, Wagoner, Washington
Kansas: Chautauqua, Montgomery","509,560 (0.476%)",KTUL 8,KOTV-DT 6,KJRH-TV 2,KOKI-TV 23,KQCW-DT 19,KMYT-TV 41,KOED-TV 11,KTPX-TV 44,KUTU-CD 25.2,KUTU-CD 25,,KWHB 47 (Family)KDOR-TV 17 (TBN)K40KC-D (3ABN)
59,Albany-Schenectady-Troy,New York,"New York: Albany, Columbia, Fulton, Greene, Hamilton, Montgomery, Rensselaer, Saratoga, Schenectady, Schoharie, Warren, Washington
Massachusetts: Berkshire
Vermont: Bennington","500,400 (0.468%)",WTEN 10,WRGB 6,WNYT 13,WXXA 23,WCWN 45,WNYA 51,WMHT-TV 17,WYPX-TV 55,,,,W44CT-D (3ABN)
60,Wilkes-Barreâ€“Scrantonâ€“Hazleton,Pennsylvania,"Bradford, Carbon, Clinton, Columbia, Lackawanna, Luzerne, Lycoming, Monroe, Montour, Northumberland, Schuylkill, Snyder, Sullivan, Susquehanna, Union, Wayne, Wyoming","497,830 (0.465%)",WNEP-TV 16,WYOU 22,WBRE-TV 28,WOLF-TV 56,WSWB 38,WQMY 53,WVIA-TV 44,WQPX-TV 64,,,,
61,Knoxville,Tennessee,"Tennessee: Anderson, Blount, Campbell, Claiborne, Cocke, Cumberland, Fentress, Grainger, Hamblen, Hancock, Jefferson, Knox, Loudon, Monroe, Morgan, Roane, Scott, Sevier, Union
Kentucky: Bell, Harlan, McCreary","491,810 (0.46%)",WATE-TV 6,WVLT-TV 8,WBIR-TV 10,WTNZ 43,WBXX-TV 20,WVLT-TV 8.2,WKOP-TV 15,WPXK-TV 54,,,WKNX-TV 7,W14CX-D (3ABN)
62,Little Rock-Pine Bluff,Arkansas,"Arkansas, Bradley, Calhoun, Clark, Cleburne, Cleveland, Conway, Dallas, Desha, Drew, Faulkner, Garland, Grant, Hot Spring, Independence, Jackson, Jefferson, Johnson, Lincoln, Lonoke, Monroe, Montgomery, Ouachita, Perry, Pike, Polk, Pope, Prairie, Pulaski, Saline, Searcy, Stone, Van Buren, White, Woodruff, Yell","472,560 (0.442%)",KATV 7,KTHV 11,KARK-TV 4,KLRT-TV 16,KASN 38,KARZ-TV 42,KETS 2,,KQPS-LD 14,KLRA-CD 20,,
63,Dayton,Ohio,"Ohio: Auglaize, Champaign, Clark, Darke, Greene, Logan, Mercer, Miami, Montgomery, Preble, Shelby
Indiana: Wayne","445,240 (0.416%)",WKEF 22,WHIO-TV 7,WDTN 2,WRGT-TV 45,WBDT 26,WRGT-TV 45.2,WPTD 16,"WDTN 2.3
WKOI-TV 43",,,,
64,Lexington,Kentucky,"Anderson, Bath, Bourbon, Boyle, Breathitt, Casey, Clark, Clay, Estill, Fayette, Fleming, Franklin, Garrard, Harrison, Jackson, Jessamine, Knott, Knox, Laurel, Lee, Lincoln, Madison, Menifee, Mercer, Montgomery, Morgan, Nicholas, Owsley, Perry, Powell, Pulaski, Rockcastle, Rowan, Russell, Scott, Wayne, Whitley, Wolfe, Woodford","425,890 (0.398%)",WTVQ-DT 36,WKYT-TV 27 WYMT-TV 57,WLEX-TV 18,WDKY-TV 56,WKYT-DT2 27.2,WTVQ-DT 36.2,WKLE 46,WUPX-TV 67,,,,
65,Tucson (Sierra Vista),Arizona,"Cochise, Pima, Santa Cruz","421,820 (0.394%)",KGUN-TV 9,KOLD-TV 13,KVOA 4,KMSB 11,KWBA-TV 58,KTTU 18,KUAT-TV 6 KUAS-TV 27,KHRR 40.3,KHRR 40,"KUVE-DT 46/
KUVE-CD 42",,"KFTU-DT 3/
KFTU-CD 34 (UniMÃ¡s)"
66,Honolulu,Hawaii,"Hawaii, Honolulu, Kalawao, Kauai, Maui","414,130 (0.387%)",KITV 4/KHVO 13/KMAU 12,KGMB 5/KOGG 13.2,KHNL 13/KHBC 2/KOGG 13,KHON-TV 2/ KHAW 11/KAII 7,KHON-DT2 2.2/KHAW-DT2 11.2/KAII-DT2 7.2,KHII-TV 9/KGMD 9/KGMV 3,KHET 11,KPXO-TV 66,KSIX-TV 6,,,KWHE 14 (Family)KAAH 26 (TBN)
67,Green Bay-Appleton,Wisconsin,"Wisconsin: Brown, Calumet, Door, Fond du Lac, Green Lake, Kewaunee, Manitowoc, Marinette, Menominee, Oconto, Outagamie, Shawano, Waupaca, Waushara, Winnebago
Michigan: Menominee","394,210 (0.368%)",WBAY-TV 2,WFRV-TV 5,WGBA-TV 26/WLWK-CD 22,WLUK-TV 11,WCWF 14,WACY-TV 32,WPNE-TV 38,WBAY-DT6 2.6,,,,W30BU (3ABN)
68,Des Moines-Ames,Iowa,"Iowa: Adair, Appanoose, Audubon, Boone, Calhoun, Carroll, Clarke, Dallas, Decatur, Franklin, Greene, Guthrie, Hamilton, Hardin, Humboldt, Jasper, Kossuth, Lucas, Madison, Mahaska, Marion, Marshall, Monroe, Pocahontas, Polk, Poweshiek, Ringgold, Story, Taylor, Union, Warren, Wayne, Webster, Wright
Missouri: Mercer","393,470 (0.368%)",WOI-DT 5,KCCI 8,WHO-DT 13,KDSM-TV 17,KCWI-TV 23,KCCI 8.3,KDIN-TV 11,KFPX-TV 39,,,,
69,Roanoke-Lynchburg,Virginia,"Virginia: Alleghany, Amherst, Appomattox, Bath, Bedford, Botetourt, Buena Vista (city),[3]Campbell, Carroll, Charlotte, Covington (city),[3]Craig, Danville (city),[3]Floyd, Franklin, Galax (city),[3]Giles, Halifax, Henry, Highland, Lexington (city),[3]Lynchburg (city),[3]Martinsville (city),[3]Montgomery, Nelson, Pittsylvania, Pulaski, Radford (city),[3]Roanoke, Roanoke (city),[3]Rockbridge, Salem (city),[3]Wythe
West Virginia: Pocahontas","384,120 (0.359%)",WSET-TV 13,WDBJ 7,WSLS-TV 10,WFXR 27,WWCW 21,"WZBJ 24/
WZBJ-CD 43",WBRA-TV 15,WPXR-TV 38,,,,
70,Spokane,Washington,"Washington: Adams, Asotin, Columbia, Ferry, Garfield, Grant, Lincoln, Okanogan, Pend Oreille, Spokane, Stevens, Whitman
Idaho: Benewah, Bonner, Boundary, Clearwater, Idaho, Kootenai, Latah, Lewis, Nez Perce, Shoshone
Montana: Lincoln
Oregon: Wallowa","381,590 (0.357%)",KXLY-TV 4,KLEW-TV 3KREM 2,KHQ-TV 6,KAYU-TV 28,KSKN 22,KAYU-TV 28.2,KSPS-TV 7,KGPX-TV 34,,,,KXMN-LD 9 (MeTV)KHBA-LD 35 (Hope Channel)
71,Omaha,Nebraska,"Nebraska: Burt, Butler, Cass, Colfax, Cuming, Dodge, Douglas, Johnson, Nemaha, Otoe, Pawnee, Platte, Richardson, Sarpy, Saunders, Washington
Iowa: Adams, Cass, Crawford, Fremont, Harrison, Mills, Montgomery, Page, Pottawattamie, Shelby
Missouri: Atchison","380,630 (0.356%)",KETV 7,KMTV-TV 3,WOWT 6,KPTM 42,KXVO 15,KPTM 42.2,KYNE-TV 26KBIN-TV 32,WOWT-DT4 6.4,KOHA-LD 27,,,
72,Wichita-Hutchinson Plus,Kansas,"Kansas: Barber, Barton, Butler, Chase, Cheyenne, Clark, Comanche, Cowley, Decatur, Dickinson, Edwards, Elk, Ellis, Ellsworth, Finney, Ford, Gove, Graham, Grant, Gray, Greeley, Greenwood, Hamilton, Harper, Harvey, Haskell, Hodgeman, Kearny, Kingman, Kiowa, Lane, Lincoln, Logan, Marion, McPherson, Meade, Mitchell, Ness, Norton, Osborne, Ottawa, Pawnee, Pratt, Rawlins, Reno, Rice, Rooks, Rush, Russell, Saline, Scott, Sedgwick, Seward, Sheridan, Sherman, Stafford, Stanton, Stevens, Sumner, Thomas, Trego, Wallace, Wichita
Nebraska: Dundy","378,930 (0.354%)","KAKE 10/
KUPK 13/
KLBY 4/
KHDS-LD 51/
KGBD-LD 30",KWCH-DT 12KBSD-DT 6KBSH-DT 7KBSL-DT 10,KSNW 3KSNC 2KSNG 11KSNK 8KSNL-LD 6,"KSAS-TV 24/
KAAS-TV 18/
KOCW 14/
KSAS-LP 17/
KAAS-LP 17",KSCW-DT 33,KMTW 36,"KPTS 8
KDCK 21/KWKS 19/KOOD 9/KSWK 3",KSNW 3.3,KSNW 3.2,KDCU-DT 31,,
73,"Springfield, MO",Missouri,"Missouri: Barry, Benton, Camden, Cedar, Christian, Dade, Dallas, Dent, Douglas, Greene, Hickory, Howell, Laclede, Lawrence, Oregon, Ozark, Phelps, Polk, Pulaski, Shannon, St. Clair, Stone, Taney, Texas, Webster, Wright
Arkansas: Baxter, Boone, Carroll, Fulton, Marion, Newton","373,700 (0.349%)",KSPR-LD 33/KYTV-DT 33.1,KOLR 10,KYTV 3,KRBK 49,KSPR-LD2 33.2/KYTV-DT 33.2,KOZL-TV 27,KOZK 21,KRBK-DT4 49.4,,,,K17DL-D (Tourist information)
74,Charleston-Huntington,West Virginia,"West Virginia: Boone, Braxton, Cabell, Calhoun, Clay, Jackson, Kanawha, Lincoln, Logan, Mason, Mingo, Nicholas, Putnam, Roane, Wayne, Wirt
Kentucky: Boyd, Carter, Elliott, Floyd, Greenup, Johnson, Lawrence, Lewis, Magoffin, Martin, Pike
Ohio: Athens, Gallia, Jackson, Lawrence, Meigs, Scioto, Vinton","367,290 (0.343%)",WCHS-TV 8,WOWK-TV 13,WSAZ-TV 3,WVAH-TV 11,WQCW 30,WSAZ-TV 3.2,WVPB-TV 33,WLPX-TV 29,,,,
75,"Columbia, SC",South Carolina,"Calhoun, Clarendon, Fairfield, Kershaw, Lee, Lexington, Newberry, Orangeburg, Richland, Sumter","365,850 (0.342%)",WOLO-TV 25,WLTX 19,WIS 10,WACH 57,WIS-DT 10.2,WKTC 63,WRLK-TV 35,WZRB 47,WKTC-DT 63.2,,,
76,"Rochester, NY",New York,"Livingston, Monroe, Ontario, Wayne, Yates","361,750 (0.338%)",WHAM-TV 13,WROC-TV 8,WHEC-TV 10,WUHF 31,WHAM-DT2 13.2,WBGT-CD 46,WXXI-TV 21,WPXJ-TV 51,,,,
77,Flint-Saginaw-Bay City,Michigan,"Arenac, Bay, Genesee, Gladwin, Gratiot, Huron, Iosco, Isabella, Midland, Ogemaw, Saginaw, Shiawassee, Tuscola","360,530 (0.337%)",WJRT-TV 12,WNEM-TV 5,WEYI-TV 25,WSMH 66,WBSF 46,WNEM-TV 5.2,WDCQ-TV 19WCMU-TV 14,WNEM-TV 5.4,,,,WAQP 49 (TCT)W24DL-D 42 (3ABN)
78,Huntsville-Decatur (Florence),Alabama,"Alabama: Colbert, DeKalb, Franklin, Jackson, Lauderdale, Lawrence, Limestone, Madison, Marshall, Morgan
Tennessee: Lincoln, Wayne","351,610 (0.329%)",WAAY-TV 31,WHNT-TV 19,WAFF 48,WZDX 54,WHDF 15,WZDX 54.2,WHIQ 25,WAAY-TV 31.2,,,,WTZT-CD 11 (Cozi TV)W34EY-D 38 (3ABN)
79,Portland-Auburn,Maine,"Maine: Androscoggin, Cumberland, Franklin, Kennebec, Knox, Lincoln, Oxford, Sagadahoc, York
New Hampshire: Carroll, CoÃ¶s","349,470 (0.327%)",WMTW 8,WGME-TV 13,WCSH 6,WPFO 23,WPXT 51,WPXT 51.3,WMEA-TV 26,WIPL 35,,,,WFYW-LP 41 (3ABN)
80,Toledo,Ohio,"Ohio: Defiance, Fulton, Hancock, Henry, Lucas, Ottawa, Putnam, Sandusky, Seneca, Williams, Wood, Wyandot
Michigan: Lenawee","347,480 (0.325%)",WTVG 13,WTOL 11,WNWO-TV 24,WUPW 36,WTVG-DT2 13.2,,WGTE-TV 30WBGU-TV 27,WTVG-DT5 13.5,,,,
81,Madison,Wisconsin,"Columbia, Dane, Grant, Green, Iowa, Juneau, Lafayette, Marquette, Richland, Rock, Sauk","343,350 (0.321%)",WKOW 27,WISC-TV 3,WMTV 15,WMSN-TV 47,WMTV-DT2 15.2,WISC-TV 3.2,WHA-TV 21,WIFS 57.9,,,,
82,Waco-Temple-Bryan,Texas,"Bell, Brazos, Burleson, Coryell, Falls, Lampasas, Leon, Limestone, Madison, McLennan, Milam, Mills, Robertson, San Saba","333,300 (0.311%)","KXXV 25/
KRHD-CD 40",KWTX-TV 10,KAGS-LD 23KCEN-TV 6,KWKT-TV 44,KNCT 46,KYLE-TV 28,KAMU-TV 15,,KWTX-TV 10.2,,,
83,Harlingen-Weslaco-Brownsville-McAllen,Texas,"Cameron, Hidalgo, Starr, Willacy","331,520 (0.31%)",KRGV-TV 5,KVEO-TV 23.2,KVEO-TV 23,KFXV-LD 67/KXFX-CD 20,"KCWT-CD 21/XHRIO-TDT 15/
KNVO-DT4 48.4",KFXV-LD 67/KXFX-CD 20,KMBH 38.2,,KTLM 40,KNVO 48,KGBT-TV 4,"KTFV-CD 32 (UniMÃ¡s)
XHMTA-TDT/XHREY-TDT 1 (A1)
XHTAM-TDT 2.1 (Las Estrellas) 
XHTAM-TDT 2.2 (Canal 5)
XHVTV-TDT 6 (Multimedios)
XHOR-TDT 7 (A7)
XHAB-TDT 8 (Televisa Regional)
XERV-TDT 9 (Las Estrellas)
XHCTRM-TDT 13 (Imagen)"
84,Paducah-Cape Girardeau-Harrisburg,Kentucky,"Kentucky: Ballard, Caldwell, Calloway, Carlisle, Crittenden, Fulton, Graves, Hickman, Livingston, Lyon, Marshall, McCracken
Missouri: Bollinger, Butler, Cape Girardeau, Carter, Dunklin, Madison, Mississippi, New Madrid, Perry, Reynolds, Ripley, Scott, Stoddard, Wayne
Illinois: Alexander, Franklin, Gallatin, Hamilton, Hardin, Jackson, Jefferson, Johnson, Massac, Perry, Pope, Pulaski, Saline, Union, Williamson
Tennessee: Lake, Obion, Weakley","330,920 (0.309%)","WSIL-TV 3/
KPOB-TV 15",KFVS-TV 12,WPSD-TV 6,KBSI 23,"WQWQ-LP 9/
WQTV-LP 24/
KFVS-DT2 12.2",WDKA 49,WKPD 29WSIU-TV 8,,,,,W15BU-D (3ABN)
85,Colorado Springs-Pueblo,Colorado,"Baca, Bent, Cheyenne, Crowley, El Paso, Fremont, Huerfano, Kiowa, Las Animas, Otero, Pueblo, Teller","327,530 (0.306%)",KRDO-TV 13,KKTV 11,KOAA-TV 5,KXRM-TV 21,"KXTU-LD 57/
KXRMDT 21.2",KKTV-DT2 11.2,KTSC 8,KXRM-TV 21.3,KTLO-LP 49,KVSN-DT 48,,KZCS-LP 23 (Azteca)KWHS-LD 51 (LeSEA)
86,Shreveport,Louisiana,"Louisiana: Bienville, Bossier, Caddo, Claiborne, DeSoto, Natchitoches, Red River, Sabine, Webster
Texas: Bowie, Camp, Cass, Harrison, Marion, Morris, Panola, Red River, Sabine, Shelby, Titus
Arkansas: Columbia, Hempstead, Howard, Lafayette, Little River, Miller, Nevada, Sevier
Oklahoma: McCurtain","321,190 (0.3%)",KTBS-TV 3,KSLA 12,KTAL-TV 6,KMSS-TV 33,KPXJ 21,KSHV-TV 45,KLTS-TV 24,KSHV-TV 45.3,,,,K42FE-D (3ABN)
87,Syracuse,New York,"Cayuga, Cortland, Madison, Oneida (western 80%), Onondaga, Oswego, Seneca, Tompkins","320,830 (0.3%)",WSYR-TV 9,WTVH 5,WSTM-TV 3,WSYT 68,WSTQ-LP 14/WSTM-DT 3.2,WSYT-DT3 43,WCNY-TV 24,WSPX-TV 56,,,,
88,Champaign & Springfield-Decatur,Illinois,"Champaign, Christian, Coles, Cumberland, DeWitt, Douglas, Effingham, Ford, Iroquois, Logan, Macon, Menard, Morgan, Moultrie, Piatt, Sangamon, Shelby, Vermilion","315,780 (0.295%)",WICD 15/WICS 20,WCIA 3,WAND 17,"WCCU 27/
WRSP-TV 55",WBUI 23,WCIX 49,WILL-TV 12WSEC 14,WAND 17.3,,,,W07DD-D (3ABN)
89,Savannah,Georgia,"Georgia: Appling, Bacon, Bryan, Bulloch, Candler, Chatham, Effingham, Evans, Jeff Davis, Liberty, Long, McIntosh, Montgomery, Screven, Tattnall, Toombs, Wayne
South Carolina: Beaufort, Hampton, Jasper","315,400 (0.295%)",WJCL 22,WTOC-TV 11,WSAV-TV 3,WTGS 28,WSAV-DT2 3.2,WSAV-TV 3.2,WVAN-TV 9WJWJ-TV 16,,,,,
90,Cedar Rapids-Waterloo-Iowa City & Dubuque,Iowa,"Allamakee, Benton, Black Hawk, Bremer, Buchanan, Butler, Cedar, Chickasaw, Clayton, Delaware, Dubuque, Fayette, Grundy, Iowa, Johnson, Jones, Keokuk, Linn, Tama, Washington, Winneshiek","311,260 (0.291%)",KCRG-TV 9,KGAN 2,KWWL 7,KFXA 28,KWWL-DT2 7.2,KCRG-TV 9.2,KRIN 32,KPXR-TV 48,,,,
91,"Charleston, SC",South Carolina,"Berkeley, Charleston, Colleton, Dorchester, Georgetown, Williamsburg","309,250 (0.289%)",WCIV-DT2 36.2,WCSC-TV 5,WCBD-TV 2,WTAT-TV 24,WCBD-DT2 2.2,WCIV 36,WITV 7,WCBD-TV 2.3,,,,
92,Chattanooga,Tennessee,"Tennessee: Bledsoe, Bradley, Grundy, Hamilton, Marion, McMinn, Meigs, Polk, Rhea, Sequatchie
Georgia: Catoosa, Dade, Fannin, Murray, Walker, Whitfield
North Carolina: Cherokee","305,340 (0.285%)",WTVC 9 (Fox on DT2),WDEF-TV 12,WRCB 3,WTVC-DT2 9.2,WFLI-TV 53,WFLI-TV 53.2,WTCI 45,,,,,WDSI-TV 61 (This TV; Comet on DT2)WELF-TV 23 (TBN)W18DS-D (3ABN)WCNT-LP 36 (3ABN)W21BZ (3ABN)
93,El Paso (Las Cruces),Texas,"Texas: Culberson, El Paso, Hudspeth
New Mexico: DoÃ±a Ana","295,070 (0.276%)",KVIA-TV 7,KDBC-TV 4,KTSM-TV 9,KFOX-TV 14,KVIA-DT2 7.2,KDBC-TV 4.2,KCOS 13,KVIA-TV 7.3,KTDO 48,KINT-TV 26,,
94,Baton Rouge,Louisiana,"Louisiana: Ascension, Assumption, East Baton Rouge, East Feliciana, Iberville, Livingston, Pointe Coupee, St. Helena, St. Mary, West Baton Rouge, West Feliciana
Mississippi: Amite, Wilkinson","293,610 (0.274%)",WBRZ-TV 2,WAFB 9,WVLA-TV 33,WGMB-TV 44,WBRL-CD 21/WGMB-DT2 44.2,WBXH-CD 39,WLPB-TV 27,WVLA-TV 33.3,,,KZUP-CD 19,
95,"Jackson, MS",Mississippi,"Adams, Attala, Claiborne, Copiah, Franklin, Hinds, Holmes, Humphreys, Issaquena, Jefferson, Jefferson Davis, Lawrence, Leake, Lincoln, Madison, Pike, Rankin, Scott, Sharkey, Simpson, Smith, Walthall, Warren, Yazoo","284,110 (0.265%)",WAPT 16,WJTV 12,WLBT 3,WDBD 40,WJTV-DT2 12.2,WLOO 35,WMPN-TV 29,WJTV 12.3,,,,WRBJ-TV 34 (TBN)W26BB (3ABN)
96,Burlington-Plattsburgh,Vermont,"Vermont: Addison, Caledonia, Chittenden, Essex, Franklin, Grand Isle, Lamoille, Orange, Orleans, Rutland, Washington, Windsor
New York: Clinton, Essex, Franklin
New Hampshire: Grafton, Sullivan","283,080 (0.265%)",WVNY 22,WCAX-TV 3,WPTZ 5,WFFF-TV 44,WNNE 31,WYCI 40,WETK 33,WCAX-TV 3.5,,,,
97,Myrtle Beach-Florence,South Carolina,"South Carolina: Darlington, Dillon, Florence, Horry, Marion, Marlboro
North Carolina: Robeson, Scotland","277,560 (0.259%)",WPDE-TV 15,WBTW 13,WMBF-TV 32,WFXB 43,WWMB 21,WBTW 13.2,WJPM-TV 33,,,,,
98,South Bend-Elkhart,Indiana,"Indiana: Elkhart, Fulton, Kosciusko, LaGrange, Marshall, Pulaski, St. Joseph, Starke
Michigan: Berrien, Cass","277,380 (0.259%)",WBND-LD 57,WSBT-TV 22,WNDU-TV 16,WSBT-DT2 22.2,WCWW-LD 25,WMYS-LD 69,WNIT 34,WHME-TV 46.2,WMYS-LD 69.2,,,WHME-TV 46 (Family)WYGN-LD 10 (3ABN)
99,"Tri-Cities, TN-VA",Tennessee,"Tennessee: Carter, Greene, Hawkins, Johnson, Sullivan, Unicoi, Washington
Virginia: Bristol (city),[3]Buchanan, Dickenson, Lee, Norton (city),[3]Russell, Scott, Smyth, Washington, Wise
Kentucky: Leslie, Letcher","273,310 (0.255%)",WJHL-DT2 11.2,WJHL-TV 11,WCYB-TV 5,WEMT 39,WCYB-DT2 5.2,,WETP-TV 2,WLFG 68.3,,,,
100,Greenville-New Bern-Washington,North Carolina,"Beaufort, Bertie, Carteret, Craven, Duplin, Greene, Hyde, Jones, Lenoir, Martin, Onslow, Pamlico, Pitt, Tyrrell, Washington","265,820 (0.248%)",WCTI-TV 12,WNCT-TV 9,WITN-TV 7,WYDO 14,WNCT-DT2 9.2,WITN-TV 7.2,WUNK-TV 25,WEPX-TV 38,,,,
101,Fort Smith-Fayetteville-Springdale-Rogers,Arkansas,"Arkansas: Benton, Crawford, Franklin, Logan, Madison, Scott, Sebastian, Washington
Oklahoma: Le Flore, Sequoyah","265,520 (0.248%)","KHBS 40/
KHOG-TV 29",KFSM-TV 5,KNWA-TV 51,KFTA-TV 24,"KHBS-DT2 40.2/
KHOG-DT2 29.2",KXNW 34,KAFT 13,,KAJL-LD 16,KWNL-CD 31/KQRY-LD 36,,
102,Boise,Idaho,"Idaho: Ada, Adams, Boise, Camas, Canyon, Elmore, Gem, Owyhee, Payette, Valley, Washington
Oregon: Grant, Malheur","261,140 (0.244%)",KIVI-TV 6,KBOI-TV 2,KTVB 7,KNIN-TV 9,"KYUU-LD 35/
KBOI-DT2 2.2",,KAID 4,KTRV-TV 12,KKJB 39,,,K31FD-D (3ABN)
103,Davenport-Rock Island-Moline,Iowa,"Iowa: Clinton, Des Moines, Henry, Jackson, Louisa, Muscatine, Scott
Illinois: Bureau, Carroll, Henderson, Henry, Jo Daviess, Knox, Mercer, Rock Island, Warren, Whiteside","259,590 (0.243%)",WQAD-TV 8,WHBF-TV 4,KWQC-TV 6,KLJB 18,KGCW 26,WQAD-TV 8.3,KQIN 36WQPT 24,KWQC-TV 6.2,,,,WMWC-TV 53 (TBN)K20KF-D 16 (3ABN)
104,Reno,Nevada,"Nevada: Carson City (city), Churchill, Douglas, Esmeralda, Humboldt, Lander, Lyon, Mineral, Pershing, Storey, Washoe
California: Alpine, El Dorado (east), Lassen, Mono","254,040 (0.237%)",KOLO-TV 8,KTVN 2,KRNV-DT 4,KRXI-TV 11,KOLO-DT3 8.3,KNSN-TV 21,KNPB 5,KTVN 2.3,,KREN-TV 27,,
105,Evansville,Indiana,"Indiana: Dubois, Gibson, Perry, Pike, Posey, Spencer, Vanderburgh, Warrick
Kentucky: Daviess, Hancock, Henderson, Hopkins, McLean, Muhlenberg, Ohio, Union, Webster
Illinois: Edwards, Wabash, Wayne, White","250,120 (0.234%)",WEHT 25,WEVV-TV 44,WFIE 14,WEEV-LD 47/WEVV-DT2 44.2,WTVW 7,WEEV-LD 47/WEVV-DT2 44.2,WNIN 9,,WYYW-CD 15,,,W23BV-D (3ABN)WTSN-CD 20 (H&I)WEIN-LD 40 (Cozi TV)
106,Johnstown-Altoona-State College,Pennsylvania,"Bedford, Blair, Cambria, Cameron, Centre, Clearfield, Elk, Forest, Huntingdon, Jefferson, Somerset","248,880 (0.233%)",WATM-TV 23,WTAJ-TV 10,WJAC-TV 6,WWCP-TV 8,WJAC-DT 6.4,,WPSU-TV 3,,,,,
107,Lincoln & Hastings-Kearney,Nebraska,"Nebraska: Adams, Antelope, Boone, Boyd, Brown, Buffalo, Chase, Clay, Custer, Dawson, Fillmore, Franklin, Frontier, Furnas, Gage, Garfield, Gosper, Greeley, Hall, Hamilton, Harlan, Hayes, Hitchcock, Holt, Howard, Jefferson, Kearney, Keya Paha, Lancaster, Loup, Merrick, Nance, Nuckolls, Perkins, Phelps, Polk, Red Willow, Rock, Saline, Seward, Sherman, Thayer, Valley, Webster, Wheeler, York
Kansas: Jewell, Phillips, Republic, Smith","248,550 (0.232%)","KHGI-TV 13/
KHGI-LD 13/
KWNB-TV 6KLKN 8","KOLN 10/
KGIN 11",KSNB-TV 4KSNK 8,KFXL-TV 51,KNHL-DT3 5.3/KCWH-LD 18,KNHL 5,KUON-TV 12,KCWH-LD 18.2,KFDY-LD 27,,,KFDY-LD 27 (NCN)K26JQ-D (3ABN)
108,Augusta-Aiken,Georgia,"Georgia: Burke, Columbia, Emanuel, Glascock, Jefferson, Jenkins, Lincoln, McDuffie, Richmond, Taliaferro, Warren, Wilkes
South Carolina: Aiken, Allendale, Bamberg, Barnwell, Edgefield, McCormick, Saluda","240,270 (0.225%)",WJBF 6,WRDW-TV 12,WAGT-CD 26,WFXG 54,WAGT-CD2 26.2,WRDW-TV 12.2,WCES-TV 20WEBA-TV 14,WJBF 6.3,,,,
109,Tallahassee-Thomasville,Florida,"Florida: Gadsden, Hamilton, Jefferson, Lafayette, Leon, Madison, Suwannee, Taylor, Wakulla
Georgia: Brooks, Clinch, Decatur, Echols, Grady, Lanier, Lowndes, Miller, Thomas","239,650 (0.224%)",WTXL-TV 27,WCTV 6,WTWC-TV 40,WTWC-DT2 40.2,WTLF 24,WFXU 57,WFSU-TV 11,,,,,WTLH 49 (Heroes & Icons)
110,Fort Wayne,Indiana,"Indiana: Adams, Allen, DeKalb, Huntington, Jay,  Noble, Steuben, Wabash, Wells, Whitley
Ohio: Paulding, Van Wert","238,610 (0.223%)",WPTA 21,WANE-TV 15,WPTA-DT2 21.2,WFFT-TV 55,WISE-TV 33,WPTA-DT3 21.3,WFWA 39,WANE-TV 15.2,,,,WFWC-CD 45 (Cozi TV)W07CL 73 (3ABN)W26DH-D 73 (3ABN)
111,Springfield-Holyoke,Massachusetts,"Franklin, Hampden, Hampshire","231,600 (0.216%)",WGGB-TV 40,WSHM-LD 3.5,WWLP 22/WFXQ-CD 22,WGGB-DT2 40.2,"WWLP-DT2 22.2/
WFXQ-CD2 22.2","WWLP-DT2 22.2/
WFXQ-CD2 22.2",WGBY-TV 57,WWLP 22.3/WFXQ-CD 22.3,WDMR-LD 50,,,
112,Lansing,Michigan,"Clinton, Eaton, Hillsdale, Ingham, Jackson","230,640 (0.216%)",WLAJ 53,WLNS-TV 6,WILX-TV 10,WSYM-TV 47,WLAJ-DT2 53.2,WSYM-TV 47.4,WKAR-TV 23,"WILX-TV 10.4
WZPX-TV 43",,,,
113,Sioux Falls (Mitchell),South Dakota,"South Dakota: Aurora, Beadle, Bon Homme, Brookings, Brown, Brule, Buffalo, Charles Mix, Clark, Clay, Codington, Davison, Day, Deuel, Douglas, Edmunds, Faulk, Grant, Gregory, Hamlin, Hand, Hanson, Hughes, Hutchinson, Hyde, Jerauld, Jones, Kingsbury, Lake, Lincoln, Lyman, Marshall, McCook, McPherson, Mellette, Miner, Minnehaha, Moody, Potter, Roberts, Sanborn, Spink, Stanley, Sully, Todd, Tripp, Turner, Walworth, Yankton
Minnesota: Lincoln, Murray, Nobles, Pipestone, Rock
Iowa: Lyon, Osceola
Nebraska: Cherry","229,420 (0.214%)","KSFY-TV 13/
KPRY-TV 4","KELO-TV 11/
KDLO-TV 3/
KPLO-TV 6","KDLT-TV 46/
KDLV-TV 5","KTTW 7/
KTTM 12","KSFY-DT2 13.2/
KPRY-DT2 4.2","KELO-TV 11.2/
KDLO-TV 3.2/
KPLO-TV 6.2",KCSD-TV 23,KELO-TV 11.3,,,,
114,Tyler-Longview (Lufkin & Nacogdoches),Texas,"Angelina, Cherokee, Franklin, Gregg, Houston, Nacogdoches, Rusk, San Augustine, Smith, Trinity, Upshur, Wood","223,590 (0.209%)",KLTV 7KTRE 9,KYTX 19,KETK-TV 56,"KFXK-TV 51/
KFXL-LD 51",KYTX-DT2 19.2,"KTPN-LD 48/
KLPN-LD 47",,,KLTV 7.3,,,K25LG-D (3ABN)KLGV-LD 36 (TBN)KDKJ-LD 27 (Estrella TV)
115,Youngstown,Ohio,"Ohio: Columbiana, Mahoning, Trumbull
Pennsylvania: Mercer","220,670 (0.206%)",WYTV 33,WKBN-TV 27,WFMJ-TV 21,WYFX-LD 19/WKBN-DT2 27.2,WFMJ-DT2 21.2,WYTV 33.2,WNEO 45,WYFX-LD 19.3,,,,
116,Fargo-Grand Forks,North Dakota,"North Dakota: Barnes, Benson, Cass, Cavalier, Dickey, Eddy, Foster, Grand Forks, Griggs, LaMoure, Nelson, Pembina, Ramsey, Ransom, Richland, Sargent, Steele, Stutsman, Towner, Traill, Walsh
Minnesota: Becker, Clay, Clearwater, Kittson, Lake of the Woods, Mahnomen, Marshall, Norman, Otter Tail, Pennington, Polk, Red Lake, Roseau, Wilkin","218,360 (0.204%)",WDAY-TV 6WDAZ-TV 8,KXJB-LD 30/KVLY-DT2 11.2,KVLY-TV 11,"KVRR 15/
KJRR 7/
KBRR 10/
KNRR 12",KXJB-LD2 30.2,KCPM 27,KFME 13,WDAY-TV 6.4,,,,
117,Eugene,Oregon,"Benton, Coos, Douglas, Lane","218,200 (0.204%)",KEZI 9,"KVAL-TV 13/
KCBY-TV 11/
KPIC 4","KMTR 16/
KMCB 23/
KTCW 46",KLSR-TV 34,"KMTR-DT2 16.2/
KMCB-DT2 23.2/
KTCW-DT2 46.2",KEVU-CD 23,KEPB-TV 28,K14LP-D 14,,,,
118,Yakima-Pasco-Richland-Kennewick,Washington,"Washington: Benton, Franklin, Kittitas, Walla Walla, Yakima
Oregon: Morrow, Umatilla","215,940 (0.202%)",KAPP 35KVEW 42,KEPR-TV 19 KIMA-TV 29,KNDO 23KNDU 25,KCYU-LD 41KFFX-TV 11,KEPR-DT2 19.2/KIMA-DT2 29.2,,KYVE 47KTNW 31,,KFFX-TV 11.2,"KUNW-CD 2/
KVVK-CD 2/
KORX-CD 2",,
119,Macon,Georgia,"Baldwin, Bibb, Bleckley, Crawford, Dodge, Dooly, Hancock, Houston, Johnson, Jones, Laurens, Macon, Monroe, Peach, Pulaski, Telfair, Treutlen, Twiggs, Washington, Wheeler, Wilcox, Wilkinson","211,110 (0.197%)",WGXA-DT2 24.2,WMAZ-TV 13,WMGT-TV 41,WGXA 24,WMAZ-DT2 13.2,WMGT-TV 41.2,WMUM-TV 29,,,,WPGA-TV 58,W36ED-D (3ABN)
120,Peoria-Bloomington,Illinois,"Fulton, Livingston, Marshall, Mason, McLean, Peoria, Putnam, Stark, Tazewell, Woodford","209,320 (0.196%)",WEEK-DT2 25.2,WMBD-TV 31,WEEK-TV 25,WYZZ-TV 43,WEEK-DT3 25.3,WAOE 59,WTVP 47,WEEK-TV 25.4,,,,
121,Traverse City-Cadillac,Michigan,"Antrim, Benzie, Charlevoix, Cheboygan, Chippewa, Clare, Crawford, Emmet, Grand Traverse, Kalkaska, Lake, Leelanau, Luce, Mackinac, Manistee, Mason, Mecosta, Missaukee, Montmorency, Osceola, Oscoda, Otsego, Presque Isle, Roscommon, Wexford","209,210 (0.196%)","WGTU 29/
WGTQ 8","WWTV 9/
WWUP-TV 10","WPBN-TV 7/
WTOM-TV 4","WFQX-TV 32/
WFUP 45",WFQX-DT2 32.2,WXII-LP 12,WCMV-TV 27,WFQX-TV 32.3,,,,W28DY-D (3ABN)
122,Montgomery-Selma,Alabama,"Autauga, Bullock, Butler, Coosa, Covington, Crenshaw, Dallas, Elmore, Lowndes, Macon, Marengo, Montgomery, Perry, Pike, Tallapoosa, Wilcox","207,020 (0.193%)",WNCF 32,WAKA 8,WSFA 12,WCOV-TV 20,WBMM 22,WDSF-LD 19,WAIQ 26,WAKA 8.3,,,,
123,"Lafayette, LA",Louisiana,"Acadia, Evangeline, Iberia, Jefferson Davis, Lafayette, St. Landry, St. Martin, Vermilion","203,470 (0.190%)",KATC 3,KLFY-TV 10,KLAF-LD 46/KADN-DT 15.2,KADN-TV 15,KATC-DT2 3.2,KADN-TV 15.3,KLPB-TV 24,KLFY-TV 10.3,,,,KLWB 50 (MeTV)
124,Monterey-Salinas,California,"Monterey, San Benito, Santa Cruz","202,080 (0.189%)",KSBW-DT2 8.2,KION-TV 46,KSBW 8,KCBA 35,KION-DT2 46.2,KAAP-LD 2,KQET 25,,KMUV-LD 23,KSMS-TV 67,,KDJT-CD 33 (UniMÃ¡s)KLFB-LD 22 (3ABN)KMBY-LD 19 (H&I)KYMB-LD 27 (MeTV)
125,Bakersfield,California,Kern (except Los Angeles and San Bernardino County border communities),"200,460 (0.187%)",KERO-TV 23,KBAK-TV 29,KGET-TV 17,KBFX-CD 58/KBAK-DT 58.2,KGET-DT2 17.2,,K18HD 18,,KKEY-LP 13,KABE-CD 39,,KUVI-DT 45 (Justice)KBTF-CD 31 (UniMÃ¡s)KZKC-LP 42 (Azteca)K08MM-D (3ABN)K24GS (3ABN)KCBT-LD 34 (Estrella TV)
126,Santa Barbara-Santa Maria-San Luis Obispo,California,"San Luis Obispo, Santa Barbara","195,870 (0.183%)",KEYT-TV 3,"KCOY-TV 12/
KSBB-CD 17",KSBY 6,KKFX-CD 24/KCOY-DT 12.2,KSBY-DT2 6.2,KEYT-TV 3.2,KBAB-LD 50,,KTAS 33,KPMR 38,,
127,Wilmington,North Carolina,"Bladen, Brunswick, Columbus, New Hanover, Pender","189,830 (0.177%)",WWAY 3,WWAY-DT2 3.2,WECT 6,WSFX-TV 26,WWAY-DT3 3.3,,WUNJ-TV 39,,,,,
128,Corpus Christi,Texas,"Aransas, Bee, Brooks, Duval, Jim Hogg, Jim Wells, Kenedy, Kleberg, Live Oak, Nueces, Refugio, San Patricio","188,210 (0.176%)",KIII 3,KZTV 10,KRIS-TV 6,KSCC 38,KRIS-DT2 6.2,KSCC 38.3,KEDT 16,,K47DF-D,KORO 28,K22JA-D 47,
129,La Crosse-Eau Claire,Wisconsin,"Wisconsin: Buffalo, Chippewa, Clark, Crawford, Eau Claire, Jackson, La Crosse, Monroe, Rusk, Trempealeau, Vernon
Minnesota: Houston, Winona","185,920 (0.174%)",WQOW 18WXOW 19,WKBT-DT 8,WEAU 13,"WLAX 25/
WEUX 48",WQOW-DT2 18.2WXOW-DT2 19.2,WKBT-DT 8.2,WHLA-TV 31,WKBT-DT 8.3,,,,
130,"Columbus, GA",Georgia,"Georgia: Chattahoochee, Clay, Harris, Marion, Muscogee, Quitman, Randolph, Schley, Stewart, Sumter, Talbot, Taylor, Webster
Alabama: Barbour, Chambers, Lee, Russell","183,620 (0.172%)",WTVM 9,WRBL 3,WLTZ 38,WXTX 54,WLTZ-DT2 38.2,WLTZ 38.3,WJSP-TV 28,WRBL 3.3,,,,
131,Chico-Redding,California,"Butte, Glenn, Shasta, Tehama, Trinity","171,710 (0.16%)",KRCR-TV 7,KHSL-TV 12,KNVN 24,KCVU 20,KHSL-DT2 12.2,"KRVU-LD 21/
KZVU-LD 22",KIXE-TV 9,KHSL-TV 12.5,KNVN 24.2,KUCO-LD 27,,KKTF-LD 30 (UniMÃ¡s)KXVU-LD 17 (Antenna TV)K15HV-D (3ABN)
132,Amarillo,Texas,"Texas: Armstrong, Briscoe, Carson, Castro, Childress, Collingsworth, Cottle, Dallam, Deaf Smith, Donley, Gray, Hall, Hansford, Hartley, Hemphill, Hutchinson, Lipscomb, Moore, Ochiltree, Oldham, Parmer, Potter, Randall, Roberts, Sherman, Swisher, Wheeler
New Mexico: Curry, Quay, Roosevelt, Union
Oklahoma: Beaver, Cimarron, Texas
Kansas: Morton","162,010 (0.151%)","KVII-TV 7/
KVIH-TV 12",KFDA-TV 10,KAMR-TV 4,KCIT 14,"KVII-DT2 7.2/
KVIH-DT2 12.2",KCPN-LP 33,KACV-TV 2,KEYU 31.3,KEYU 31,,,KLKW-LD 22 (Estrella TV)K17HI-D (3ABN)
133,Columbus-Tupelo-West Point-Houston,Mississippi,"Mississippi: Calhoun, Chickasaw, Choctaw, Clay, Itawamba, Lee, Lowndes, Monroe, Montgomery, Noxubee, Oktibbeha, Pontotoc, Prentiss, Tishomingo, Union, Webster, Winston, Yalobusha
Alabama: Lamar","161,740 (0.151%)",WTVA-DT2 9.2,WCBI-TV 4,WTVA 9,WLOV 27,WCBI-DT3 4.3,WCBI-DT2 4.2,WMAB-TV 2,,,,,
134,Wausau-Rhinelander,Wisconsin,"Adams, Forest, Langlade, Lincoln, Marathon, Oneida, Portage, Price, Taylor, Vilas, Wood","158,720 (0.148%)","WAOW 9/WYOW 34/
WMOW 4.2",WSAW-TV 7,WJFW-TV 12,WZAW-LD 33/WSAW-DT3 7.3,"WMOW 4/
WAOW-DT2 9.2/WYOW-DT 34.2",WSAW-TV 7.2,WHRM-TV 20,WTPX-TV 46,,,,
135,Medford-Klamath Falls,Oregon,"Oregon: Curry, Jackson, Josephine, Klamath, Lake
California: Modoc, Siskiyou","155,130 (0.145%)","KDRV 12/
KDKF 31",KTVL 10,"KOBI 5/
KOTI 2",KMVU-DT 26,KTVL-DT2 10.2,KFBI-LD 48,KSYS 8,KMVU-DT 26.3,KFBI-LD 48.2,,,KMCW-LD 14 (Sonlife)
136,Salisbury,Maryland,"Maryland: Somerset, Wicomico, Worcester
Delaware: Sussex","154,900 (0.145%)","WMDT 47/
WEVD-LD 47",WBOC-TV 16,WRDE-LD 31,WBOC-DT2 21.2,WMDT-DT2 47.2,WRDE-LD 31.2,WCPB 28,WMDT 47.4,WBOC-LD 42,,,WGDV-LD 32 (Azteca AmÃ©rica)
137,Columbia-Jefferson City,Missouri,"Audrain, Boone, Callaway, Chariton, Cole, Cooper, Howard, Maries, Miller, Moniteau, Montgomery, Morgan, Osage, Randolph","154,210 (0.144%)",KMIZ 17,KRCG 13,KOMU-TV 8,KQFX-LD 22/KMIZ-DT4 17.4,KOMU-DT3 8.3,KMIZ 17.3,KMOS-TV 6,,,,,
138,Rockford,Illinois,"Boone, Lee, Ogle, Stephenson, Winnebago","152,400 (0.142%)",WTVO 17,WIFR-LD 23,WREX 13,WQRF-TV 39,WREX-DT2 13.2,WTVO 17.2,,WIFR-LD 23.4,WFBN-LD 33,,,
139,"Duluth-Superior, WI",Minnesota,"Minnesota: Aitkin, Carlton, Cook, Itasca, Koochiching, Lake, St. Louis
Wisconsin: Ashland, Bayfield, Douglas, Iron, Sawyer, Washburn
Michigan: Gogebic","150,930 (0.141%)","WDIO-DT 10/
WIRT-DT 13","KBJR-DT2 6.2/
KRII-DT2 11.2","KBJR-TV 6/
KRII 11",KQDS-TV 21,KDLH 3,KBJR-TV 6.3/KRII 11.3,WDSE 8,WDIO-DT 10.3/WIRT-DT 13.3,,,,K48NP-D (3ABN)K38MM-D (3ABN)
140,Monroe-El Dorado,Louisiana,"Louisiana: Caldwell, Catahoula, Concordia, East Carroll, Franklin, Jackson, La Salle, Lincoln, Madison, Morehouse, Ouachita, Richland, Tensas, Union, West Carroll, Winn
Arkansas: Ashley, Union","148,210 (0.139%)",KNOE-DT2 8.2,KNOE-TV 8,KTVE 10,KARD 14,KWCL-LD 40/KNOE-DT3 8.3,KWCL-LD 40/KNOE-DT3 8.3,KLTM-TV 13KETZ 12,KMCT-TV 39.2,,,,
141,Palm Springs,California,Riverside (Coachella Valley),"147,650 (0.138%)",KESQ-TV 42,KPSP-CD 38/KESQ-DT2 42.2,KMIR-TV 36,KDFX-CD 33/KESQ-DT4 42.4,"KCWQ-LD 2/
KESQ-DT8 42.8",KPSE-LD 50,KODG-LD 17,,KUNA-LP 15,KVER-CD 41,,KRET-CD 45 (H&I)K21DO-D (3ABN)
142,Lubbock,Texas,"Bailey, Borden, Cochran, Crosby, Dawson, Dickens, Floyd, Gaines, Garza, Hale, Hockley, Kent, Lamb, Lubbock, Lynn, Motley, Terry, Yoakum","143,380 (0.134%)",KAMC 28,KLBK-TV 13,KCBD 11,KJTV-TV 34,KLCW-TV 22,KMYL-LD 14,KTTZ-TV 5,KJTV-TV 34.3,KXTQ-CD 46,KBZO-LD 51,KJTV-CD 32,KLBB-LP 48 (MeTV)KABI-LD 42 (Heroes & Icons)KNKC-LD 29 (Estrella TV)K14PZ-D (3ABN)
143,Beaumont-Port Arthur,Texas,"Hardin, Jasper, Jefferson, Newton, Orange, Tyler","143,130 (0.134%)",KBMT 12,KFDM 6,KBMT-DT2 12.2,KBTV-TV 4,KFDM-DT2 6.2,KBMT-LD 64,,,,,,
144,Topeka,Kansas,"Brown, Clay, Cloud, Coffey, Geary, Jackson, Jefferson, Lyon, Marshall, Morris, Nemaha, Osage, Pottawatomie, Riley, Shawnee, Wabaunsee, Washington","142,240 (0.133%)",KTKA-TV 49,WIBW-TV 13,KSNT 27,"KTMJ-CD 43/
KTLJ-CA 6/
KSNT-DT2 27.2",KTKA-DT3 49.3,WIBW-TV 13.2,KTWU 11,KSNT 27.3,,,,
145,Odessa-Midland,Texas,"Texas: Andrews, Brewster, Crane, Ector, Glasscock, Howard, Jeff Davis, Loving, Martin, Midland, Pecos, Presidio, Reagan, Reeves, Terrell, Upton, Ward, Winkler
New Mexico: Lea (southern third)","141,600 (0.132%)",KMID 2,KOSA-TV 7,KWES-TV 9,KPEJ-TV 24,"KCWO-TV 4/
KOSA-DT 7.2",KTLE-LD 7.6,KPBT-TV 36,KOSA-TV 7.4,KTLE-LD 7.5,KUPB 18,,
146,Minot-Bismarck-Dickinson (Williston),North Dakota,"North Dakota: Adams, Billings, Bottineau, Bowman, Burke, Burleigh, Divide, Dunn, Emmons, Golden Valley, Grant, Hettinger, Kidder, Logan, McHenry, McIntosh, McKenzie, McLean, Mercer, Morton, Mountrail, Oliver, Pierce, Renville, Rolette, Sheridan, Sioux, Slope, Stark, Ward, Wells, Williams
Montana: Daniels, McCone, Richland, Roosevelt, Sheridan, Wibaux
South Dakota: Campbell, Corson, Dewey, Perkins","136,930 (0.128%)","KBMY 17/
KMCY 14",KXMB-TV 12 KXMC-TV 13KXMD-TV 11,KFYR-TV 5KMOT 10KQCD-TV 7KUMV-TV 8,KFYR-DT2 5.2KMOT-DT2 10.2KQCD-DT2 7.2KUMV-DT2 8.2,KXMA-TV 2,KBMY 17.3/KMCY 14.3,KBME-TV 3,,,,,
147,Wichita Falls & Lawton,Texas,"Texas: Archer, Baylor, Clay, Foard, Hardeman, King, Knox, Throckmorton, Wichita, Wilbarger, Young
Oklahoma: Comanche, Cotton, Jackson, Jefferson, Stephens, Tillman","132,830 (0.124%)",KSWO-TV 7,KAUZ-TV 6,KFDX-TV 3,KJTL 18,KAUZ-DT2 6.2,KJBO-LP 35,K26NK-D 13K36AB 36,KAUZ-TV 6.3,KSWO-TV 7.2,,,
148,Sioux City,Iowa,"Iowa: Buena Vista, Cherokee, Clay, Dickinson, Ida, Monona, O'Brien, Palo Alto, Plymouth, Sac, Sioux, Woodbury
Nebraska: Cedar, Dakota, Dixon, Knox, Madison, Pierce, Stanton, Thurston, Wayne
South Dakota: Union","131,210 (0.123%)",KCAU-TV 9,KMEG 14,KTIV 4,KPTH 44,KTIV-DT2 4.2,KPTH 44.2,KSIN-TV 27,,KBWF-LD 15.2,,,
149,Panama City,Florida,"Bay, Calhoun, Franklin, Gulf, Holmes, Jackson, Liberty, Walton, Washington","130,350 (0.122%)",WMBB 13,"WECP-LD 18/
WJHG-DT3 7.3",WJHG-TV 7,WPGX 28,WJHG-DT2 7.2,WECP-LD 18.2,WFSG 56,,,,,
150,Rochester-Mason City-Austin,Minnesota,"Minnesota: Dodge, Fillmore, Freeborn, Mower, Olmsted
Iowa: Cerro Gordo, Floyd, Hancock, Howard, Mitchell, Winnebago, Worth","129,600 (0.121%)",KAAL 6,KIMT 3,KTTC 10,KXLT-TV 47,KTTC-DT2 10.2,KIMT 3.2,KSMQ-TV 15KYIN 24,KIMT 3.3,,,,K25NK-D (3ABN)W39DD-D (3ABN)K43JE-D (3ABN)K48KJ-D (3ABN)
151,Anchorage,Alaska,"Aleutians East, Aleutians West, Anchorage, Bethel, Bristol Bay, Dillingham, Kenai Peninsula, Kodiak Island, Kusilvak, Lake and Peninsula, Matanuska-Susitna, Nome, North Slope, Northwest Arctic, Valdez-Cordova","125,510 (0.117%)",KYUR 13,KTVA 11,KTUU-TV 2,KTBY 4,KYUR-DT2 13.2,KYES-TV 5,KAKM 7,KDMD 33,KDMD 33.2,,,
152,Erie,Pennsylvania,"Crawford, Erie, Warren","125,340 (0.117%)",WJET-TV 24,WSEE-TV 35,WICU-TV 12,WFXP 66,WSEE-DT2 35.2,,WQLN 54,WICU-TV 12.3,,,,
153,Joplin-Pittsburg,Missouri,"Missouri: Barton, Jasper, McDonald, Newton, Vernon
Kansas: Allen, Bourbon, Cherokee, Crawford, Labette, Neosho, Wilson, Woodson
Oklahoma: Ottawa","121,260 (0.113%)",KODE-TV 12,KOAM-TV 7,KSNF 16,KFJX 14,KFJX-DT2 14.2,KPJO-LD 49,KOZJ 26,"KODE-TV 12.4
KCLG-LD 32",,,,
154,"Albany, GA",Georgia,"Atkinson, Baker, Ben Hill, Berrien, Calhoun, Coffee, Colquitt, Cook, Crisp, Dougherty, Irwin, Lee, Mitchell, Terrell, Tift, Turner, Worth","120,240 (0.112%)",WALB-DT2 10.2,WSWG 44,WALB 10,WFXL 31,WGCW-LD 36/WALB-DT4 10.4,WSST 55/WSWG 44.3,WABW-TV 14,,,,,
155,Biloxi-Gulfport,Mississippi,"George, Harrison, Jackson, Stone","116,300 (0.109%)",WLOX 13,WLOX-DT2 13.2,WXXV-DT2 25.2,WXXV-TV 25,WXXV-DT3 25.3,WXXV-TV 25,WMAH-TV 19,,,,,
156,Gainesville,Florida,"Alachua, Dixie, Gilchrist, Levy","114,400 (0.107%)",WCJB-TV 20,WGFL 28,WNBW-DT 9,WOGX 51,WCJB-DT2 20.2,WGFL-DT2 28.2,WUFT 5,,,,,WYME-CD 45 (MeTV)
157,"Wheeling-Steubenville, OH",West Virginia,"West Virginia: Brooke, Hancock, Marshall, Ohio, Tyler, Wetzel
Ohio: Belmont, Guernsey, Harrison, Jefferson, Monroe, Noble","114,140 (0.107%)",WTRF-DT3 7.3,WTRF-TV 7,WTOV-TV 9 (Fox on DT2),WTOV-DT2 9.2,"""WBWO""",WTRF-TV 7.2,W30CO-D 24,,,,,
158,Sherman-Ada,Texas,"Texas: Grayson
Oklahoma: Atoka, Bryan, Carter, Choctaw, Coal, Johnston, Love, Marshall, Pontotoc, Pushmataha","112,160 (0.105%)",KTEN-DT3 10.3,"KXII 12/
KXIP-LD 12",KTEN 10,KXII-DT3 12.3,KTEN-DT2 10.2,"KXII 12.2/
KXIP-LD 12.2/K31LQ-D 31",K36KE 36,"KXII 12.4/
KXIP-LD 12.4",,,,
159,Bangor,Maine,"Hancock, Penobscot, Piscataquis, Somerset, Waldo, Washington","111,070 (0.104%)",WVII-TV 7,WABI-TV 5,"WLBZ-TV 2/
WGCI-LD 2",WFVX-LD 22/WVII-DT2 7.2,WABI-DT2 5.2,WFVX-LD 22/WVII-DT2 7.2,WMEB-TV 12,WLBZ 2.3,,,,
160,Terre Haute,Indiana,"Indiana: Clay, Daviess, Greene, Knox, Martin, Parke, Sullivan, Vermillion, Vigo
Illinois: Clark, Clay, Crawford, Edgar, Jasper, Lawrence, Richland","110,480 (0.103%)",WAWV-TV 38,WTHI-TV 10,WTWO 2,WTHI-DT2 10.2,WTHI-DT3 10.3,WTHI-DT2 10.2,WVUT 22,WTHI-TV 10.3,,,,
161,Binghamton,New York,"Broome, Chenango, Delaware, Tioga","106,510 (0.1%)",WIVT 34,WBNG-TV 12,WBGH-CD 20/WIVT-DT2 34.2,WICZ-TV 40,WBNG-DT2 12.2,WBPN-LP 10,WSKG-TV 46,WICZ-TV 40.3,,,,
162,Idaho Falls-Pocatello (Jackson),Idaho,"Idaho: Bannock, Bingham, Bonneville, Butte, Caribou, Clark, Custer, Fremont, Jefferson, Lemhi, Madison, Power, Teton
Wyoming: Lincoln, Teton","101,030 (0.094%)",KIFI-TV 8,KIDK 3,KPVI-DT 6,KXPI-LD 24/KIDK-DT2 3.2,KIFI-DT3 8.3,"KXPI-LD 24/
KIDK-DT2 3.2",KISU 10,,KIFI-TV 8.2,,,KVUI 31 (MeTV)
163,Missoula,Montana,"Flathead, Granite, Lake, Mineral, Missoula, Ravalli, Sanders","100,830 (0.094%)","KTMF 23/
KTMF-LD 42","KPAX-TV 8/
KAJJ-CD 18","KECI-TV 13/
KCFW-TV 9","KTMF-DT2 23.2/
KTMF-LD2 42.2","KPAX-DT2 8.2/
KAJJ-CD2 18.2","KTMF-DT2 23.2/
KTMF-LD2 42.2",KUFM-TV 11,,,,,
164,Abilene-Sweetwater,Texas,"Brown, Callahan, Coleman, Eastland, Fisher, Haskell, Jones, Mitchell, Nolan, Runnels, Scurry, Shackelford, Stephens, Stonewall, Taylor","100,790 (0.094%)",KTXS-TV 12,KTAB-TV 32,KRBC-TV 9,KXVA 15,KTXS-DT2 12.2,KXVA 15.2,KTES-LD 40,,KTAB-TV 32.2,,,
165,"Yuma-El Centro, CA",Arizona,"Arizona: Yuma
California: Imperial","99,710 (0.093%)",KECY-DT2 9.2,KYMA-DT 13,KYMA-DT2 13.2,KECY-TV 9,KECY-DT3 9.3,KECY-TV 9,K19CX 8,KYMA-DT 13.4,KESE-LP 35,KVYE-TV 7,,K39KW-D (3ABN)
166,Bluefield-Beckley-Oak Hill,West Virginia,"West Virginia: Fayette, Greenbrier, McDowell, Mercer, Monroe, Raleigh, Summers, Wyoming
Virginia: Bland, Tazewell","98,530 (0.092%)",WOAY-TV 4,WVNS-TV 59,WVVA 6 (CW on DT2),WVNS-DT2 59.2,WVVA-DT2 6.2,WVNS-DT2 59.2,WSWP-TV 9,,,,,
167,Hattiesburg-Laurel,Mississippi,"Covington, Forrest, Jasper, Jones, Lamar, Marion, Perry, Wayne","96,000 (0.09%)",WDAM-DT2 7.2,WHLT 22,WDAM-TV 7,WHPM-LD 23,WHLT-DT2 22.2,WHPM-LD 23.3,W45AA-D 17,WHLT 22.3,,,,
168,Billings,Montana,"Montana: Big Horn, Carbon, Custer, Garfield, Golden Valley, Meagher, Musselshell, Park, Petroleum, Powder River, Rosebud, Stillwater, Sweet Grass, Treasure, Wheatland, Yellowstone
Wyoming: Big Horn, Park","91,950 (0.086%)",KSVI 6,KTVQ 2,"KULR-TV 8/
KYUS-TV 3",KHMT 4,KTVQ-DT2 2.2,,KBGS-TV 16,,,,,
169,Rapid City,South Dakota,"South Dakota: Bennett, Butte, Custer, Fall River, Haakon, Harding, Jackson, Lawrence, Meade, Oglala Lakota, Pennington, Ziebach
Nebraska: Banner, Grant, Morrill, Sheridan, Sioux
Wyoming: Crook, Sheridan, Weston
Montana: Carter","86,610 (0.081%)","KOTA-TV 3/
KHSD-TV 11",KCLO-TV 15,KNBN 21,KEVN-LD 7/KHSD-DT 11.2,KCLO-DT2 15.2,KWBH-LP 27,KBHE-TV 9,KCLO-TV 15.3,,,,
170,Lake Charles,Louisiana,"Allen, Beauregard, Calcasieu, Cameron","85,970 (0.08%)",KVHP-DT2 29.2,KSWL-LD 17/KWWE-LD2 19.2,KPLC 7,KVHP 29,KPLC-DT2 7.2,KWWE-LD 19,KLTL-TV 18,KVHP 29.4,,,,
171,Dothan,Alabama,"Alabama: Coffee, Dale, Geneva, Henry, Houston
Georgia: Early, Seminole","85,140 (0.08%)",WDHN 18,WTVY 4,WRGX-LD 23/WTVY-DT4 4.4,WDFX-TV 34,WTVY-DT3 4.3,WTVY 4.2,WDIQ 2,,,,,
172,Utica,New York,"Herkimer, Oneida (eastern 20%), Otsego","84,750 (0.079%)",WUTR 20,WKTV-DT2 2.2,WKTV 2,WFXV 33,WKTV-DT3 2.3,WPNY-LP 11,W22DO-D 24,,,,,
173,Clarksburg-Weston,West Virginia,"Barbour, Doddridge, Gilmer, Harrison, Lewis, Marion, Randolph, Ritchie, Taylor, Tucker, Upshur, Webster","84,680 (0.079%)",WBOY-DT2 12.2,WDTV 5,WBOY-TV 12,WVFX 10,WVFX-DT2 10.2,,WNPB-TV 24,,,,,
174,Quincy-Hannibal-Keokuk,Illinois,"Illinois: Adams, Brown, Cass, Hancock, McDonough, Pike, Schuyler, Scott
Missouri: Clark, Knox, Lewis, Marion, Monroe, Ralls, Scotland, Shelby
Iowa: Lee","84,040 (0.079%)",KHQA-DT2 7.2,KHQA-TV 7,WGEM-TV 10,WGEM-DT3 10.3,WGEM-DT2 10.2,,WQEC 27,,,,,W18CJ (3ABN)
175,Harrisonburg,Virginia,"Virginia: Augusta, Harrisonburg (city),[3]Rockingham, Staunton (city),[3]Waynesboro (city)[3]
West Virginia: Pendleton","84,030 (0.079%)",WHSV-TV 3,"WSVF-CD2 43.2/
WHSV-DT2 3.2",WSVW-LD 30,WSVF-CD 43,WSVW-LD2 30.2,WHSV-TV 3.4,WVPT 51,,,,,
176,"Jackson, TN",Tennessee,"Carroll, Hardin, Henderson, Madison","78,940 (0.074%)",WBBJ-TV 7,WBBJ-DT3 7.3,WNBJ-LD 39,WJKT 16,WNBJ-LD2 39.2,WNBJ-LD 39.3,WLJT-DT 11,,,,,
177,Bowling Green,Kentucky,"Adair, Barren, Butler, Cumberland, Edmonson, Hart, Metcalfe, Warren","72,620 (0.068%)",WBKO 13,WNKY-DT2 40.2,WNKY 40,WBKO-DT2 13.2,WBKO-DT3 13.3,WDNZ-LD 11,WKYU-TV 24WKGB-TV 53,,,,,
178,"Alexandria, LA",Louisiana,"Avoyelles, Grant, Rapides, Vernon","72,530 (0.068%)",KLAX-TV 31,KALB-DT2 5.2,KALB-TV 5,WNTZ-TV 48,KALB-DT3 5.3,WNTZ-TV 48,KLPA-TV 25,KLAX-TV 31.3,,,,KWCE-LP 27 (MeTV)
179,Elmira (Corning),New York,"New York: Chemung, Schuyler, Steuben
Pennsylvania: Tioga","72,530 (0.068%)",WENY-TV 36,WENY-DT2 36.2,WETM-TV 18,WYDC 48,WENY-DT3 36.3,WJKP-LD 39,WSKA-TV 30,WENY-TV 36.4,,,,W28DO-D (3ABN)
180,Marquette,Michigan,"Michigan: Alger, Baraga, Delta, Dickinson, Houghton, Iron, Keweenaw, Marquette, Ontonagon, Schoolcraft
Wisconsin: Florence","71,920 (0.067%)","WBUP 10/
WBKP-DT 5.2",WJMN-TV 3,WLUC-TV 6,WLUC-DT2 6.2,"WBKP 5/
WBUP-DT 10.2",WZMQ 19.2,WNMU 13,,,,,WZMQ 19 (MeTV)
181,Watertown,New York,"Jefferson, Lewis, St. Lawrence","71,180 (0.067%)",WWTI 50,WWNY-TV 7,WVNC-LD 45,"WNYF-CD 28/
WWNY-CD 28/
WWNY-DT2 7.2",WWTI-DT2 50.2,WVNC-LD 45.2,WPBS-DT 16,,,,,
182,Charlottesville,Virginia,"Albemarle, Charlottesville (city),[3]Greene, Madison","70,490 (0.066%)",WVAW-LD 16,WCAV 19,WVIR-TV 29,WCAV-DT2 19.2,WVIR-DT3 29.3,,WHTJ 41,WCAV 19.4,,,,
183,Jonesboro,Arkansas,"Clay, Craighead, Greene, Izard, Lawrence, Randolph, Sharp","69,470 (0.065%)",KAIT 8,"KJNB-LD2 39.2/
KJNE-LD2 39.2",KAIT-DT2 8.2,KJNB-LD 39/KJNE-LD 39,KAIT-DT3 8.3,KJNB-LD 39.3/KJNE-LD 39.3,KTEJ 19,,,,,
184,Laredo,Texas,"Webb, Zapata","65,330 (0.061%)",KGNS-DT2 8.2,KYLX-LD 13,KGNS-TV 8,KXOF-CD 31,KYLX-LD2 13.2,KXOF-CD 31,,,KGNS-TV 8.3,KLDO-TV 27,,"KXOF-CD 31 (UniMÃ¡s)
XHLNA-TDT 1 (A1)
XHLAR-TDT 2 (Las Estrellas)
XHCTNL-TDT 3 (Imagen)
XHBR-TDT 4 (Televisa)
XHBR-TDT 5 (Canal 5)
XHNAT-TDT 6 (Multimedios)
XHLAT-TDT 7 (A7)
XEFE-TDT 17 (Televisa Regional)
XHNAN-TDT 28 (Canal 28)"
185,"Bend, OR",Oregon,Deschutes,"63,720 (0.06%)",KOHD 51,KBNZ-LD 7,KTVZ 21,KFXO-CD 39/KTVZ-DT3 21.3,KTVZ-DT2 21.2,KUBN-LD 50,KOAB-TV 3,,KQRE-LP 19,KABH-CA 15,,
186,Butte-Bozeman,Montana,"Beaverhead, Broadwater, Deer Lodge, Gallatin, Jefferson, Madison, Powell, Silver Bow","63,320 (0.059%)","KWYB 18/
KWYB-LD 28","KXLF-TV 4/
KBZK 7","KTVM 6/
KDBZ-CD 6","KWYB-DT2 18.2/
KWYB-LD2 28.2","KXLF-DT2 4.2/
KBZK-DT2 7.2","KWYB-DT2 18.2/
KWYB-LD2 28.2",KUSM 9,,,,,
187,"Lafayette, IN",Indiana,"Tippecanoe, Warren","61,520 (0.057%)",WPBY-LD 35,WLFI-TV 18,WPBI-LD2 16.2,WPBI-LD 16,WLFI-DT2 18.2,WPBY-LD 35.2,,WLFI-TV 18.3,,,,
188,Grand Junction-Montrose,Colorado,"Dolores, Mesa, Montrose","61,390 (0.057%)",KJCT-LP 8,"KREX-TV 5/
KREY-TV 10",KKCO 11,KFQX 4,KJCT-LP2 8.2,KGJT-CD 27,KRMJ 18,,KKCO 11.3,,,
189,Lima,Ohio,Allen,"56,850 (0.053%)","WOHL-CD 35/
WPNM-LP 25","WAMS-LP 38/
WOHL-CD2 35.2",WLIO 8,WLIO-DT2 8.2,"Served by WBDT 26 Springfield/Dayton, WTVG-DT2 13.2 Toledo, and WISE-TV 33 Fort Wayne, IN",WLIO-DT2 8.2,WBGU-TV 27,,,,,W23DE-D (3ABN)
190,Meridian,Mississippi,"Mississippi: Clarke, Kemper, Lauderdale, Neshoba, Newton
Alabama: Choctaw, Sumter","56,790 (0.053%)",WTOK-TV 11,WMDN 24,WGBC-DT2 30.2,WGBC 30,WTOK-DT3 11.3,WTOK-DT2 11.2,WMAW-TV 14,,,,,
191,Twin Falls,Idaho,"Blaine, Cassia, Gooding, Jerome, Lincoln, Minidoka, Twin Falls","55,050 (0.051%)",KSAW-LD 51,KMVT 11,KTFT-LD 7,KSVT-LD 14/KMVT-DT3 11.3,KMVT-DT2 11.2,KSVT-LD 14/KMVT-DT3 11.3,KIPT 13,,,,,K36KU-D (3ABN)
192,Great Falls,Montana,"Blaine, Cascade, Chouteau, Fergus, Glacier, Hill, Judith Basin, Liberty, Phillips, Pondera, Teton, Toole, Valley","53,210 (0.05%)",KFBB-TV 5,KRTV 3,KTGF-LD 50,KFBB-DT2 5.2,KRTV-DT2 3.2,KFBB-DT2 5.2,KUGF-TV 21,,,,,
193,Parkersburg,West Virginia,"West Virginia: Pleasants, Wood
Ohio: Washington","51,240 (0.048%)","Served by WCHS 8 Charleston, WSYX 6 Columbus, OH, and WBOY-DT2 12.2 Clarksburg",WIYE-LD 47/WTAP-DT2 15.2,WTAP-TV 15,WOVA-LD 22/WTAP-DT3 15.3,WOVA-LD2 22.2,WIYE-LD 47.2,WOUB-TV 20,,,,,
194,Greenwood-Greenville,Mississippi,"Mississippi: Bolivar, Carroll, Grenada, Leflore, Sunflower, Tallahatchie, Washington
Arkansas: Chicot","50,270 (0.047%)",WABG-TV 6,WXVT-LD 17,WNBD-LD 33,WABG-DT2 6.2,"""Piedmont CW""",WHCQ-LD 8,WMAO-TV 23,WFXW 15,,,,
195,San Angelo,Texas,"Coke, Concho, Crockett, Irion, Kimble, McCulloch, Menard, Schleicher, Sterling, Sutton, Tom Green","50,220 (0.047%)",KTXE-LD 12,KLST 8,KSAN-TV 3,KIDY 6,KTXE-LD2 12.2,KIDY 6.2,KANG-LP 31/KUES-LP 41,,,,,
196,"Cheyenne-Scottsbluff, NE",Wyoming,"Wyoming: Goshen, Laramie
Nebraska: Scotts Bluff","48,930 (0.046%)","KNEP-DT2 4 (satellite of KOTA-TV, Rapid City, SD)KKTQ-LD 16/KLWY-DT2 27.2","KGWN-TV 5/
KSTF 10","KCHY-LP 13/
KWYM-LP 13KNEP 2/
KGWN-DT2 5.2",KLWY 27,"KGWN-DT3 5.3/
KSTF-DT3 10.3",KLWY 27.3,KWYP-TV 8,,,,,
197,Eureka,California,"Del Norte, Humboldt","47,550 (0.044%)",KAEF-TV 23,KVIQ-LD 14,KIEM-TV 3,KBVU 28,KECA-LD 29,KECA-LD 29.2,KEET 13,,,KEUV-LP 31,,K41LQ-D (3ABN)K39EO-D (3ABN)
198,Mankato,Minnesota,"Minnesota: Blue Earth, Brown, Martin, Watonwan
Iowa: Emmet","46,920 (0.044%)","K30FN 5(translator of KSTP-TV, St. Paul/Minneapolis)",KEYC-TV 12,KMNF-LD 7,KEYC-DT2 12.2,KMNF-LD2 7.2,"K23MF 29(translator of WFTC, Minneapolis)/St. Paul",K26CS 2K29IE 2.3,,,,,K43JE-D (3ABN)
199,Casper-Riverton,Wyoming,"Converse, Fremont, Hot Springs, Johnson, Natrona, Washakie","43,760 (0.041%)",KTWO-TV 2,"KGWC-TV 14/
KGWL-TV 5/
KGWR-TV 13","KCWY-DT 13/
KSWY-LP 29","KFNB 20/
KFNE 10/
KFNR 11","KCWY-DT2 13.2/
KSWY-LP2 29.2",KWYF-LD 27,KPTW 6,,,,,
200,St. Joseph,Missouri,"Missouri: Andrew, Buchanan, DeKalb, Holt, Nodaway, Worth
Kansas: Doniphan","38,780 (0.036%)",KQTV 2,KCJO-LD 30,KNPG-LD 21,KNPN-LD 26,KNPG-LD2 21.2,,,,KNPG-LD 21.3,,,KTAJ-TV 16 (TBN)
201,Ottumwa-Kirksville,Iowa,"Iowa: Davis, Jefferson, Van Buren, Wapello
Missouri: Adair, Macon, Putnam, Schuyler, Sullivan","37,440 (0.035%)",KTVO 3,KTVO-DT2 3.2,KYOU-DT2 15.2,KYOU-TV 15,KYOU-DT4 15.4,,K18GU 12,,,,,
202,Victoria,Texas,Victoria,"28,500 (0.027%)",KAVU-TV 25,KXTS-LD 41/KAVU-DT2 25.2,KMOL-LD 17/KAVU-DT3 25.3,KVCT 19,KVCT-DT3 19.3,,,KAVU-TV 25.5,KVTX-LP 45,KUNU-LD 21,,
203,Fairbanks,Alaska,"Denali, Fairbanks North Star, Southeast Fairbanks, Yukon-Koyukuk","27,970 (0.026%)",KATN 2,KXDF-CD 13/KTVF-DT3 11.3,KTVF 11,KATN-DT2 2.2,KATN-DT3 2.3,KFXF-LD 22,KUAC-TV 9,,,,,
204,Zanesville,Ohio,Muskingum,"27,650 (0.026%)",Served by WSYX 6 Columbus,"Served by WBNS 10 Columbus and WIYE-LD 47 Parkersburg, WV",WHIZ-TV 18,"Served by WTTE 28 Columbus and WOVA-LD 22 Parkersburg, WV","""Zanesville CW 13""",,WOUC 44,,,,,
205,Helena,Montana,Lewis and Clark,"25,720 (0.024%)",KHBB-LD 21,KXLH-LD 9,KTVH-DT 12,KHBB-LD2 21.2,KTVH-DT2 12.2,KHBB-LD2 21.2,KUHM-TV 10,,,,,
206,Presque Isle,Maine,Aroostook,"22,340 (0.021%)",Served by WVII 7 Bangor,WAGM-TV 8,WWPI-LD 16,WAGM-DT2 8.2,WAGM-DT3 8.3,,WMEM 10,,,,,
207,Juneau,Alaska,"Haines, Hoonah-Angoon, Juneau, Ketchikan Gateway, Petersburg, Prince of Wales-Hyder, Sitka, Skagway, Wrangell, Yakutat","18,730 (0.017%)",KJUD 8,KXLJ-LD 24/KUBD 4/KTNL-TV 13,"KATH-LD 5/
KSCT-LP 5",KJUD-DT2 8.2,KJUD-DT3 8.3,KCBJ-LP 15,KTOO-TV 3,,,,,
208,Alpena,Michigan,"Alcona, Alpena","14,280 (0.013%)",WBKB-DT3 11.3,WBKB-TV 11,Served by WPBN/WTOM 7/4 Traverse City/Cheboygan,WBKB-DT2 11.2,"""Alpena CW""",WBKB-DT2 11.2,WCML-TV 6,,,,,
209,North Platte,Nebraska,"Arthur, Blaine, Hooker, Lincoln, Logan, McPherson, Thomas","12,010 (0.011%)",KHGI-CD 27,KNPL-LD 10,KNOP-TV 2,KIIT-CD 11,KIIT-CD2 11.2/KNOP-DT2 2.2,KNPL-LD 10.2,KPNE-TV 9,KNOP-TV 2.3,,,,
210,Glendive,Montana,"Dawson, Fallon, Prairie","3,630 (0.003%)",Served by KSVI 6 Billings,KXGN-TV 5,KXGN-DT2 5.2,Served by KHMT 4 Hardin/Billings,Served by KBZK-DT2 7.2 Bozeman,,Montana PBS,,,,,
N/A,N/A,American Samoa,"Tutuila, Aunu'u, Ofu-Olosega, Taâ€˜Å«",N/A,"KVZK-4 4, KOMO-TV 4 Seattle, WA","KVZK-4 4, KGMB-TV 5 Honolulu, HI",KVZK-5 5,"Served by KHON 2 Honolulu, HI",,,KVZK-2 2,,,,,
N/A,N/A,Guam,HagÃ¥tÃ±a (village),N/A,KTGM 14,KUAM-DT2 8.2,KUAM-TV 8,KEQI-LP 22/KTGM-DT2 14.2,KTKB-LD 26,,KGTF 12,,,,,
N/A,N/A,Puerto Rico,"Adjuntas, Aguada, Aguadilla, Aguas Buenas, Aibonito, AÃ±asco, Arecibo, Arroyo, Barceloneta, Barranquitas, BayamÃ³n, Cabo Rojo, Caguas, Camuy, CanÃ³vanas, Carolina, CataÃ±o, Cayey, Ceiba, Ciales, Cidra, Coamo, ComerÃ­o, Corozal, Culebra, Dorado, Fajardo, Florida, GuÃ¡nica, Guayama, Guayanilla, Guaynabo, Gurabo, Hatillo, Hormigueros, Humacao, Isabela, Jayuya, Juana DÃ­az, Juncos, Lajas, Lares, Las MarÃ­as, Las Piedras, LoÃ­za, Luquillo, ManatÃ­, Maricao, Maunabo, MayagÃ¼ez, Moca, Morovis, Naguabo, Naranjito, Orocovis, Patillas, PeÃ±uelas, Ponce, Quebradillas, RincÃ³n, Rio Grande, Sabana Grande, Salinas, San GermÃ¡n, San Juan, San Lorenzo, San SebastiÃ¡n, Santa Isabel, Toa Alta, Toa Baja, Trujillo Alto, Utuado, Vega Alta, Vega Baja, Vieques, Villalba, Yabucoa, Yauco (all municipalities)",N/A,WRFB 5/WORA-TV 5,"W32DZ-D 32 (translator of WSEE-TV, Erie, PA)","WKAQ-DT3 2.3 (simulcast of WNBC, New York City)",WSJP-LD2 18.2,"W33CY-D 33 (translator of WSEE-DT2, Erie, PA)","TV Red Puerto Rico
W34ED-D 34",WMTJ 40,"TV Red Puerto Rico
W19DV-D 19",WKAQ-TV 2/WTIN-TV 2.11/WNJX 2.12,WLII-DT 11/WSUR-TV 9/WOLE-DT 12,"WAPA-TV 4/
WTIN-TV 4/WNJX-TV 4","TV Red Puerto RicoW17DL-D (MeTV), W42DZ-D (Biz TV), W33CY-D/W17DK-D (Heroes & Icons), W32DV-D (ZUUS Latino), W47DX-D (BYUtv), W19DK-D (Buzzr), W50EC-D (Estrella TV), W18DZ-D (Heartland), W23EM-D (TCT), W47DU-D/W44CV-D (FamilyNet), W15CX-D (Multimedios), W24DW-D (Charge!), W46EO-D (Grit), W48DT-D/W21DD-D/W38EQ-D (YTA), W42DY-D/W40DA-D/W16CW-D (Justice Network), W32DY-D/W45DI-D (Bounce TV), W49DI-D (GEB America), W19DV-D (Movies!), W26DV-D (World), W32DZ-D (Decades), W39DJ-D (Almavision), W46ES-D (Azteca), W50EO-D/W25EE-D/W18DQ-D (ATV), W28DV-D (ASN), W34DY-D (GetTV)WSJP-LD 18 (Cozi TV"
N/A,N/A,U.S. Virgin Islands,"Saint Thomas, Saint John, Saint Croix",N/A,WCVI-DT2 23.2,WCVI-TV 23,WVGN-LD 19,WVXF-DT2 17.2,"Served by WSFL 39 Miami, FL",,WTJX-TV 12,WSVI 8,,,,WVXF 17 (This TV)
